52.06383382161458,1770.1928466299366,-0.056712486163936031,-1.0093502050766583,3.4650445849873557,0.0,0.0,0.0,64.0,98.0,130.0,0.0
72.0679931640625,3318.6513014088068,-0.066110969898529354,-1.2093709108101185,3.7993883037296556,0.0,0.0,0.0,84.0,140.0,180.0,0.0
90.90262532552083,2578.8304107508952,-0.92394015652034944,-0.37452953108538756,3.9055570738433039,0.0,0.0,0.0,106.0,136.0,176.0,0.0
74.928645019531245,3563.124875100877,-0.28064702470034025,-1.6054876962016851,3.5728691259112093,0.0,0.0,0.0,97.0,142.0,158.0,0.0
81.148880208333338,3502.3062331210667,-0.45600247794234755,-1.4228999274300451,3.7052876375523445,0.0,0.0,0.0,106.0,143.0,171.0,0.0
76.256243489583341,1750.2641309407129,-1.0692108989294318,-0.37632673970605435,3.66276915196477,0.0,0.0,0.0,91.0,113.0,127.0,0.0
60.128502604166655,2357.9169506223889,-0.080516337043872274,-1.1714408478803602,3.5668291771155625,0.0,0.0,0.0,72.0,117.0,142.0,0.0
98.421315104166666,5403.5640723590423,-0.47104369453408862,-1.5358076839467143,3.6419755080002978,0.0,0.0,0.0,136.0,173.0,196.0,0.0
91.726481119791657,2803.669529870087,-0.69383573831407885,-0.37528841918907485,4.0670606179798456,0.0,0.0,0.0,104.0,144.0,187.01000000000931,0.0
77.041853027343748,2003.6365434087375,-0.61716446295294691,-0.26809951218488237,3.9032866410579952,0.0,0.0,0.0,87.0,121.0,171.0,0.0
68.160090332031245,3304.5404510009548,0.091715869673797051,-0.94987973826437733,3.7108224118611837,0.0,0.0,0.0,82.0,134.0,213.0,0.0
93.540628255208333,2998.7443926391497,-0.60922136896922907,-0.38423013061904054,4.154047981043858,0.0,0.0,0.0,109.0,147.0,214.0,0.0
68.356806640624995,3308.1962990472475,0.065340013049668286,-1.2460635972467524,3.8271844323218573,0.0,0.0,0.0,77.0,142.0,169.0,0.0
70.357830403645835,3426.4570436652475,-0.068539894225003589,-1.5121636103690308,3.7141057771744554,0.0,0.0,0.0,80.0,143.0,169.0,0.0
51.167275390625001,1957.3644147770246,0.24581045170255322,-0.57781296326498977,3.6173416817474409,0.0,0.0,0.0,58.0,105.0,137.0,0.0
61.380352376302085,2385.5785294982265,-0.11294501526092188,-1.2869819338475936,3.6612454597757464,0.0,0.0,0.0,73.0,119.0,143.0,0.0
63.681247558593746,1630.0879403381286,-0.40201184873438861,-0.56596339533211859,3.8619431026981901,0.0,0.0,0.0,73.0,107.0,143.0,0.0
55.074045410156259,2158.6737075441615,0.019141646275861388,-1.3385227360110485,3.6239025529154691,0.0,0.0,0.0,63.0,115.0,134.0,0.0
83.076521809895823,3939.1934071079227,-0.27579636728301149,-1.217730731067151,3.7400633246461172,0.0,0.0,0.0,105.0,149.0,215.0,0.0
55.132415364583331,2073.8564196217435,-0.044473622806342664,-1.2698672462074991,3.537619311838256,0.0,0.0,0.0,66.0,110.0,133.0,0.0
54.232250976562497,1682.4021646271151,-0.21492815851595787,-0.82240184281968665,3.4154185181275722,0.0,0.0,0.0,70.0,96.0,129.0,0.0
53.489168294270833,1761.1150340413387,0.13859777152805342,0.17583190601021892,3.4477062554041402,0.0,0.0,0.0,69.0,94.0,170.0,0.0
71.223936360677072,3496.1316013670439,-0.13142385851905963,-1.5682344861484121,3.6414332860504723,0.0,0.0,0.0,88.0,144.0,164.0,0.0
86.513422851562495,2358.6210958687229,-0.90663001497426898,-0.41111514717581121,3.9192836832612414,0.0,0.0,0.0,103.0,130.0,169.0,0.0
58.551879069010418,2345.1120530283442,-0.068812975072571517,-1.3980302223115646,3.5363377264189486,0.0,0.0,0.0,68.0,118.0,132.0,0.0
98.407196451822912,3215.7154597670706,-0.71788614497780256,-0.43510838712210376,4.1105298522684608,0.0,0.0,0.0,111.0,156.0,207.0,0.0
38.822907714843744,931.4274379644653,1.66499183656644,8.4082064077128944,3.6468112657768041,0.0,0.0,0.0,40.0,68.0,150.0,0.0
82.275449218750012,2053.3453126237232,-1.0119263177434508,-0.2725384611537196,3.6938969648123443,0.0,0.0,0.0,99.0,121.0,156.0,0.0
100.81343994140626,3240.481369660944,-0.88522989233831073,-0.5113279753640807,4.0927509111468279,0.0,0.0,0.0,118.0,156.0,189.0,0.0
88.097123209635399,2568.8052488855355,-0.76255008086945808,-0.57482934807391128,4.025737910544569,0.0,0.0,0.0,98.0,142.0,172.0,0.0
53.534544270833337,1830.8913083209566,-0.16843836883461852,-1.3766604975609267,3.4797388301279395,0.0,0.0,0.0,65.0,103.0,120.0,0.0
68.419063313802084,1810.7679219090769,-0.55376077909778554,-0.67994369949182243,3.8952759995010915,0.0,0.0,0.0,81.0,110.0,146.0,0.0
73.675015462239571,2996.2862592364136,-0.35569696639835885,-1.4118348100157316,3.7501154716507714,0.0,0.0,0.0,92.0,136.0,157.0,0.0
75.402312011718749,3319.5461862236125,-0.17984197977319005,-0.996902905056952,3.7064221033053748,0.0,0.0,0.0,98.0,135.0,206.0,0.0
60.64523111979166,2428.1317969192396,-0.064768996761414482,-1.2222669962051607,3.6324748263634858,0.0,0.0,0.0,73.0,118.0,145.0,0.0
61.38140380859376,2538.4400413886965,-0.11516836018682898,-1.4589096325146473,3.5950777569069712,0.0,0.0,0.0,74.0,121.0,145.0,0.0
47.394820149739587,1916.8778450767034,0.35535118020905665,-1.1110104831899659,3.7576895729813429,0.0,0.0,0.0,47.0,108.0,144.0,0.0
67.413636695906433,2145.8157943036827,-0.13516986353676469,-0.75384556609959308,4.2039193325554391,0.0,0.0,0.0,75.0,124.0,164.0,0.0
83.522776864035094,3112.4436807758684,-0.20906822058791547,-0.57020205361396714,4.2640878954329535,0.0,0.0,0.0,96.0,147.0,214.0,0.0
58.960216557017546,1487.1837105890681,0.046630773565516863,0.46725592613757216,4.1704783762362467,0.0,0.0,0.0,66.0,102.0,162.0,0.0
65.883294255568586,2556.1628580077863,-0.45653202771986501,-1.6390985541398748,3.2352776768995408,0.0,0.0,0.0,95.0,114.0,127.0,0.0
86.015378626905033,3755.2008286722194,-0.27458573355513244,-1.2045696624209845,4.4581731203913018,0.0,0.0,0.0,102.0,157.0,194.0,0.0
82.352741244138343,3031.8808445334994,-0.39869395649959039,-0.92346982918670228,4.2868928690834558,0.0,0.0,0.0,99.0,141.0,193.0,0.0
89.320635807444319,3360.5828654881871,-0.33375887401208826,-0.87352768238044032,4.6429782047282728,0.0,0.0,0.0,101.0,158.0,200.0,0.0
93.101390313599069,3612.9439752065355,-0.46497805654311547,-0.93337464034673356,4.4261542258729936,0.0,0.0,0.0,111.0,159.0,203.0,0.0
94.867944936987101,5003.5369238211188,0.13179576278907057,-0.89448030647343346,4.7858525768693951,0.0,0.0,0.0,102.0,193.0,241.0,0.0
101.23178762456037,4342.4950682764083,-0.5264665384147772,-1.0386082703012578,4.3645238430389703,0.0,0.0,0.0,120.0,174.0,207.0,0.0
61.711462302168826,1856.6788329327451,-0.22070666392813354,-1.0408368878311391,4.0968836870511467,0.0,0.0,0.0,68.0,115.0,136.0,0.0
86.782044988276667,3276.473930988011,-0.36958847683602092,-1.0107381805472033,4.4035097932562772,0.0,0.0,0.0,97.0,154.0,192.0,0.0
73.940588364595556,2741.2680540061128,0.018950555411637503,-0.40853031469623469,4.251401931305705,0.0,0.0,0.0,84.0,132.0,210.0,0.0
74.555938599062131,2577.8143880917746,-0.4101857751171355,-1.0400478889280784,4.0113221798030327,0.0,0.0,0.0,89.0,131.0,166.0,0.0
70.926687060375144,2029.492439911008,-0.71105321419417278,-0.92484464179966208,3.6323839940125118,0.0,0.0,0.0,90.0,113.0,138.0,0.0
60.236498021688156,1794.2017566253623,-0.029417788128793931,-0.29809204059497407,3.9963872489143371,0.0,0.0,0.0,70.0,105.0,168.0,0.0
104.10422314624853,4375.2472696796904,-0.5450000232696518,-0.87714024516615741,4.2826283139483072,0.0,0.0,0.0,123.0,174.0,226.0,0.0
92.024926729191108,3789.3515126704815,-0.581776334636947,-1.2307537524723213,4.1228498472836854,0.0,0.0,0.0,114.0,154.0,187.0,0.0
111.52729062866352,5521.4219838265108,-0.63801969287762206,-1.2861792920236483,4.2249274861947272,0.0,0.0,0.0,144.0,185.0,207.0,0.0
108.64088144783118,4801.3940262453243,-0.64898518485146361,-1.0132587551260099,4.2575388951250872,0.0,0.0,0.0,132.0,178.0,224.0,0.0
104.38265954718642,4645.3336557491994,-0.6429426359232645,-1.120229576720875,4.1838033100617924,0.0,0.0,0.0,130.0,173.0,210.0,0.0
119.16316768024618,4812.6557739121681,-0.96399628139214455,-0.73331113456841024,4.1404020610491301,0.0,0.0,0.0,148.0,179.0,210.0,0.0
70.940204608733893,3195.1728450489909,-0.28325509797498399,-1.5480821541390288,3.4353718972660787,0.0,0.0,0.0,96.0,134.0,158.0,0.0
43.431695120164129,2693.3935448038828,0.84904466409560453,-0.3581772907500862,3.2065657801831655,0.0,0.0,0.0,1.0,125.0,170.0,0.0
74.884864998534582,2629.0170807939817,0.027387038804542418,-0.40523770224322053,4.6273168608968911,0.0,0.0,0.0,85.0,135.0,202.0,0.0
97.313924201348186,4057.9135018962179,-0.26386785172190419,-1.0844307248408493,4.7870036522585071,0.0,0.0,0.0,110.0,172.0,210.0,0.0
101.76702905187572,4243.3611746032748,-0.56174177115927748,-1.0063826267587392,4.438201429051837,0.0,0.0,0.0,120.0,173.0,209.0,0.0
107.19121025058617,5154.8386758543147,-0.58631117745862937,-1.2819376564304759,4.3609674222623447,0.0,0.0,0.0,138.0,179.0,214.0,0.0
99.234578326494727,4667.9178389964309,-0.51585138293174282,-1.3411819136624683,4.2807346474888055,0.0,0.0,0.0,129.0,171.0,196.0,0.0
123.8796243039273,4950.9680410150659,-1.0437351676071491,-0.61673726845953647,4.0372321950084595,0.0,0.0,0.0,153.0,186.0,208.0,0.0
84.707812500000017,3143.8868531647267,-0.40568882273916551,-0.89438262422262627,4.3317087669020022,0.0,0.0,0.0,101.0,145.0,196.0,0.0
95.218422113130131,3074.5590180407535,-0.71464342119000546,-0.66733615405516433,4.4449903541723161,0.0,0.0,0.0,111.0,152.0,193.0,0.0
85.6053322831184,3259.898267287741,-0.43019468359202867,-1.0414902014585092,4.3394021264142522,0.0,0.0,0.0,102.0,150.0,185.0,0.0
81.356772054513485,3854.4932533406263,-0.10077093856058664,-1.2452574244558945,4.3113010485108951,0.0,0.0,0.0,95.0,158.0,197.0,0.0
122.92792442116061,6343.4924045760581,-0.63905538612179136,-1.1717738065851704,4.4176706416173745,0.0,0.0,0.0,151.0,206.0,229.0,0.0
108.1687261869871,4477.3620886983263,-0.61084196573753646,-0.8723459904879447,4.4534734029189416,0.0,0.0,0.0,126.0,179.0,225.0,0.0
64.460798285463085,4892.8426968129161,0.28735820870958201,-1.6731622621556093,2.8942844789568323,0.0,0.0,0.0,0.0,160.0,186.0,0.0
51.484287990914417,1526.5861449117861,0.44619556783342473,0.48605678917727513,4.1386945053536088,0.0,0.0,0.0,54.0,99.0,157.0,0.0
112.88279418229777,5539.9913990800005,-0.61898955967315461,-1.2117101004401369,4.3265418450074913,0.0,0.0,0.0,144.0,189.0,224.0,0.0
104.85752582796015,4958.8876244324001,-0.52320951110370029,-1.2278701994487538,4.4927497773896858,0.0,0.0,0.0,131.0,179.0,221.0,0.0
100.68552168815944,4640.1988356598458,-0.59436458232845635,-1.2534619717105047,3.9846774829573812,0.0,0.0,0.0,132.0,165.0,210.0,0.0
105.541110419109,4968.5890118677898,-0.55521740712346546,-1.2269005968625197,4.3419709917093385,0.0,0.0,0.0,132.0,180.0,204.0,0.0
76.56892310228605,2627.893487443017,-0.49011391009383121,-1.137348245907978,4.1149646268214495,0.0,0.0,0.0,94.0,134.0,157.0,0.0
73.393323197538109,2652.3999733716569,-0.23573982798646487,-0.8818510966961437,4.1088157279057125,0.0,0.0,0.0,86.0,130.0,176.0,0.0
95.68803304513483,3105.1342764871847,-0.65708605018909527,-0.64233959931250117,4.5019199054744536,0.0,0.0,0.0,109.0,158.0,188.0,0.0
105.84071384085581,5346.8143874080752,-0.45380746359848451,-1.332995275023056,4.4138865597054862,0.0,0.0,0.0,128.0,186.0,213.0,0.0
73.066176362837041,2253.7505353285096,-0.28509361721156862,-0.63340364656233961,4.3180730697598557,0.0,0.0,0.0,81.0,127.0,175.0,0.0
82.197445596424387,3141.7799090304156,-0.41193380388594725,-1.0626602178807796,4.1086962777205169,0.0,0.0,0.0,99.0,146.0,177.0,0.0
109.529358697245,5706.3610335827225,-0.57113552760474395,-1.3591854414354507,4.0865706081463085,0.0,0.0,0.0,144.0,186.0,211.0,0.0
83.779051875732705,3089.5988995406851,-0.35639578790831444,-0.71812498657420853,4.2581337259587917,0.0,0.0,0.0,100.0,142.0,207.0,0.0
100.74470984759672,5427.4178610822837,-0.41448343140564703,-1.4553793737092513,4.1637360427695755,0.0,0.0,0.0,134.0,178.0,220.0,0.0
69.368013628370463,5978.0006445156405,0.33419010996999748,-1.6567150676071918,3.1615252981044786,0.0,0.0,0.0,1.0,169.0,212.0,0.0
138.7017465929074,6206.1560231070926,-0.99301887544295753,-0.66600105503060014,4.3898863957893886,0.0,0.0,0.0,170.0,211.0,230.0,0.0
90.70614192555685,3457.1942727984388,-0.56529535388701302,-1.0402135867206761,4.1836262025642821,0.0,0.0,0.0,108.0,157.0,184.0,0.0
73.536289199882773,2402.1723220886965,-0.25682916400275524,-0.71370577828913628,4.3316783108531878,0.0,0.0,0.0,84.0,130.0,173.0,0.0
68.25188214390387,2181.0205686109639,0.053341621197651241,-0.039808171963099159,4.3098881559436686,0.0,0.0,0.0,74.0,123.0,191.0,0.0
95.320280444021108,3763.3568329884674,-0.56656409359134452,-1.0255524584715976,4.2792661648804824,0.0,0.0,0.0,113.0,164.0,189.0,0.0
47.708300666764359,3026.1806143492245,0.55469056655275706,-1.1467784183253262,3.215982877327952,0.0,0.0,0.0,2.0,128.0,165.0,0.0
81.572423615181705,3330.5610923785807,-0.20813248959870581,-0.89557736348260208,4.2200815502669409,0.0,0.0,0.0,97.0,148.0,205.0,0.0
101.88842595984758,5055.8106690896602,-0.52594705092290173,-1.3610181036570674,4.1605863857481076,0.0,0.0,0.0,135.0,174.0,207.0,0.0
102.39091716735052,4060.1839263312841,-0.77548493452976119,-1.0029049505567698,4.1667122620510346,0.0,0.0,0.0,127.0,164.0,190.0,0.0
90.485550996482999,3569.5608972491582,-0.47741400282403529,-1.0529305508418894,4.3043073042636042,0.0,0.0,0.0,107.0,157.0,190.0,0.0
66.409802718347009,1999.4643695793393,-0.2493248428920021,-0.51126727969774421,4.0851617898871151,0.0,0.0,0.0,79.0,115.0,164.0,0.0
43.027911598769052,2486.1338239980469,0.67231366919279767,-0.69733286611287637,2.9043835406202012,0.0,0.0,0.0,0.0,115.0,168.0,0.0
92.363907715416161,3513.0223530108274,-0.57366832061625372,-0.96736767120867695,4.1285368970539524,0.0,0.0,0.0,109.0,158.0,190.0,0.0
98.911662881008212,3651.0180409994814,-0.75779024574105636,-0.92308124496302302,4.1991667516706519,0.0,0.0,0.0,119.0,161.0,182.0,0.0
90.438411305685818,3604.3570967067067,-0.20032079179573131,-0.79873102336434565,4.5879741812546166,0.0,0.0,0.0,99.0,164.0,216.0,0.0
109.18664273153576,4191.8540932715387,-0.68446208694564059,-0.64862452915426205,4.452285984110059,0.0,0.0,0.0,128.0,173.0,231.61000000010245,0.0
72.126159510550991,2504.4269417057994,-0.32918542938132073,-0.99401534858552054,4.1617003747708123,0.0,0.0,0.0,88.0,126.0,167.0,0.0
95.099691346717464,3158.557167621615,-0.67291335465665214,-0.70623416024256036,4.3284112408939794,0.0,0.0,0.0,107.0,155.0,189.0,0.0
60.317814881301288,1826.4933802413757,-0.056770252788081135,-0.85859765551327083,4.208895268735473,0.0,0.0,0.0,65.0,113.0,144.0,0.0
75.458695413247369,2091.6131935501048,-0.20368972411555067,-0.25855945325368523,4.3157335486746717,0.0,0.0,0.0,77.0,127.0,184.0,0.0
66.355705048358729,2230.1741892248438,0.010118488564938733,-0.62439114044950328,4.2019511942648018,0.0,0.0,0.0,71.0,125.0,172.0,0.0
60.023192958675267,1835.2493127973949,-0.045382856157456984,-0.61110699746768082,4.1205917886780448,0.0,0.0,0.0,68.0,113.0,156.0,0.0
62.883161452227434,4618.9660316743293,0.29352395306596429,-1.6112057512680726,2.8752281100253554,0.0,0.0,0.0,0.0,151.0,192.0,0.0
106.15855070339977,4875.8798642389283,-0.56553567699973373,-1.1335863775336852,4.3771369974995888,0.0,0.0,0.0,131.0,180.0,212.0,0.0
117.03211184788982,5141.6979934115816,-0.82567518971529197,-0.96550357875408377,4.2164030148607639,0.0,0.0,0.0,144.0,186.0,210.0,0.0
79.291682847303633,3075.2661218419694,-0.14404465568613059,-0.82585232725842106,4.3379198539548964,0.0,0.0,0.0,89.0,147.0,201.0,0.0
87.458327227432591,4682.4636264368846,-0.36606519622114403,-1.5775843132736791,3.4645179830936543,0.0,0.0,0.0,122.0,155.0,199.0,0.0
85.422092980656515,3876.4526277413543,-0.22569364210836571,-1.2094309296073251,4.2924183299691148,0.0,0.0,0.0,104.0,161.0,198.0,0.0
78.253485858733882,2621.4119740372421,-0.52075017136912349,-0.99242515773810158,4.0490550869213902,0.0,0.0,0.0,94.0,134.0,167.0,0.0
95.956425849941382,4117.3895487582759,-0.46428243952310672,-1.0738364551629496,4.4176558943822206,0.0,0.0,0.0,118.0,163.0,216.0,0.0
70.954097669988272,1994.3502742773885,-0.2237489615630483,-0.14743385467513281,4.247374438985271,0.0,0.0,0.0,81.0,119.0,179.0,0.0
103.71080652842907,4230.5761332189431,-0.75584820094382976,-1.0729526087142105,4.1926770626517822,0.0,0.0,0.0,132.0,167.0,188.0,0.0
92.913150278429057,3725.1776362729915,-0.50231942538731278,-1.0290176133029794,4.2404931578187615,0.0,0.0,0.0,110.0,161.0,198.0,0.0
100.36916672772566,4167.6097950229778,-0.52433067294220559,-0.99052288908358221,4.4478981053394557,0.0,0.0,0.0,120.0,169.0,216.0,0.0
85.391276194314187,3458.0180699605726,-0.31349136861674431,-1.0126136996746606,4.4008924217121379,0.0,0.0,0.0,99.0,149.0,206.0,0.0
96.325957099941377,4167.6312876885167,-0.49409577827191858,-1.1077644654136589,4.2129039314237442,0.0,0.0,0.0,116.0,168.0,203.0,0.0
67.808122985052748,2031.6975756129521,-0.27537205964086159,-0.75551612770957188,4.3113504011108645,0.0,0.0,1.0,78.0,120.0,155.0,0.0
116.36478604923799,5025.1154492361711,-0.75641703194084475,-0.94194217637890221,4.4054332790527955,0.0,0.0,0.0,141.0,190.0,211.0,0.0
43.90075285756155,2279.3391773347294,0.30291715537434394,-1.6292404351565442,2.7391962340394151,0.0,0.0,0.0,0.0,107.0,129.0,0.0
82.120724648300111,2871.5287542521414,-0.40571663488746867,-0.83775332462223551,4.2563460753134548,0.0,0.0,0.0,96.0,143.0,182.0,0.0
93.500125476260266,4447.5245438734692,-0.41425715477455005,-1.3368736526788096,4.1513995077713268,0.0,0.0,0.0,121.0,161.0,210.0,0.0
88.334658008499432,3202.0505763722704,-0.69034978977579964,-1.0742876422890624,4.0611373742712091,0.0,0.0,0.0,110.0,143.0,173.0,0.0
88.049433983001194,3585.9288319261077,-0.51499289180368613,-1.2306476520426211,4.120879001275771,0.0,0.0,0.0,111.0,153.0,181.0,0.0
130.7745164126612,7423.1944018763415,-0.70583848814528438,-1.3353666249310079,4.3849390678871929,0.0,0.0,0.0,175.0,206.0,232.0,0.0
36.048813928780774,1786.3840392035811,0.71547198738416584,-0.49817846257970011,2.800105001076469,0.0,0.0,0.0,0.0,97.0,131.0,0.0
65.882443398300111,5439.2545540166157,0.35984004049967,-1.6064519136935955,3.1338596533330265,0.0,0.0,0.0,1.0,164.0,202.0,0.0
63.051395808909731,1917.0642217474974,0.047716377635112786,-0.10604788729872539,4.3241156107665084,0.0,0.0,0.0,71.0,114.0,170.0,0.0
106.56624963364595,4887.8337246290666,-0.59223780922487501,-1.1877629428275949,4.5070114088814002,0.0,0.0,0.0,135.0,178.0,216.0,0.0
79.367748021688158,2420.8716451850414,-0.43933431401448031,-0.66243462994155689,4.3835459553530267,0.0,0.0,0.0,89.0,133.0,178.0,0.0
68.339010294548657,5726.9558580327921,0.28730476710472458,-1.7613926236433699,3.0198297667879985,0.0,0.0,0.0,1.0,169.0,191.0,0.0
99.863347193728004,3918.0193508127059,-0.61796912415455618,-0.93566643477465972,4.3251093796022406,0.0,0.0,0.0,117.0,167.0,201.0,0.0
54.725709810961305,1646.3567356937799,0.28462487318554269,0.39728551733575612,4.0397746757894621,0.0,0.0,0.0,61.0,101.0,172.0,0.0
84.708158704572099,3093.3018890334292,-0.40969468528407854,-1.0977192239562066,4.3495085110366212,0.0,0.0,0.0,96.0,152.0,170.0,0.0
76.22669255568583,2435.2418732343176,-0.63175105552860678,-1.1015235239777996,3.9792717567354812,0.0,0.0,0.0,92.0,127.0,149.0,0.0
101.02826055099649,4079.3692079356297,-0.4596815509015636,-0.84518411922512771,4.4914293724384251,0.0,0.0,0.0,118.0,174.0,222.0,0.0
76.378126831770231,2876.6597549320377,-0.29945817103853589,-1.161431289573591,4.1525893610913283,0.0,0.0,0.0,86.0,137.0,175.0,0.0
82.086968786635396,3480.1089956329643,-0.34012719589480295,-1.2501844361607988,4.1635507118342172,0.0,0.0,0.0,103.0,147.0,186.0,0.0
81.392888152110203,3206.4302932448909,-0.21560044431469283,-0.90886612757845642,4.3283019202832147,0.0,0.0,0.0,94.0,148.0,198.0,0.0
80.002062573270806,3059.7384775746314,-0.24796598590634789,-0.92703511077355794,4.4114803978303403,0.0,0.0,0.0,95.0,145.0,196.0,0.0
101.33557572538101,4732.9283921930855,-0.41326421726241924,-1.3167475838499811,4.7516209423367561,0.0,0.0,0.0,126.0,175.0,214.0,0.0
112.30247105803049,4978.6695659923489,-0.71932489033541358,-1.0393532977248219,4.3388145939731793,0.0,0.0,0.0,140.0,182.0,212.0,0.0
89.643036525498246,3593.9901593243549,-0.37732377279437984,-0.88600629046880952,4.1894969524671266,0.0,0.0,0.0,103.0,157.0,213.0,0.0
69.128639727432599,2522.1614577554615,0.11476698295387695,-0.64474391337416481,4.4086755981089203,0.0,0.0,0.0,73.0,131.0,186.0,0.0
105.47269196951935,5097.9016941894079,-0.56543470466150325,-1.2989255711365213,4.3699003277325517,0.0,0.0,0.0,136.0,179.0,208.0,0.0
60.300156616354045,2008.7564576982149,0.21197766372534391,-0.054857382017644341,4.0790046956834018,0.0,0.0,0.0,68.0,112.0,181.0,0.0
78.395494761137172,3194.708854446375,-0.038150859700730101,-1.006119096633638,4.5799980196893255,0.0,0.0,0.0,83.0,144.0,202.0,0.0
86.292503480363422,2940.5235025653819,-0.57004000523365939,-1.0205192117082575,4.405225304297602,0.0,0.0,2.0,109.0,135.0,186.0,0.0
92.581918596131302,4207.3184945018729,-0.33811896666620395,-1.2084560020209036,4.5032313501210561,0.0,0.0,0.0,110.0,164.0,209.0,0.0
69.370230070339971,2419.4490302225663,-0.049550920695362433,-0.84816526429993511,4.5480438207881155,0.0,0.0,0.0,78.0,127.0,171.0,0.0
80.990066310082057,2990.3492253985924,-0.17197971826007669,-0.62833474966602987,4.3509459962714843,0.0,0.0,0.0,90.0,145.0,201.0,0.0
83.91218035609613,2255.3295028698753,-0.62112267040208435,-0.24399405761608595,4.2912899459611964,0.0,0.0,0.0,96.0,131.0,183.0,0.0
98.31393977139507,4268.2405226376386,-0.65186183833049338,-1.2885004663814028,4.0987400265211811,0.0,0.0,0.0,128.0,162.0,181.0,0.0
68.084843017291917,5123.6915459839292,0.24305530657360194,-1.6388339108123056,3.053070514643065,0.0,0.0,0.0,1.0,159.0,204.0,0.0
107.44713602725673,5651.0738942925309,-0.59040840453703225,-1.4453972219987976,3.947149125085609,0.0,0.0,0.0,147.0,178.0,200.0,0.0
108.27356297626025,5338.7654393457924,-0.61661901974892686,-1.2868656927490598,4.1755319272220657,0.0,0.0,0.0,140.0,182.0,207.0,0.0
63.446599318581477,5035.949003950459,0.35668947944729307,-1.5968424425978578,3.0773032614519833,0.0,0.0,0.0,1.0,158.0,192.0,0.0
108.58557664126612,4822.4262804632062,-0.54843417332566047,-1.0591840188638233,4.5900061550734357,0.0,0.0,0.0,132.0,182.0,226.0,0.0
53.692160939331771,3787.7691428281432,0.65158268826440635,-0.75233548238796244,3.0708660175638549,0.0,0.0,0.0,0.0,141.0,203.0,0.0
70.325846277842913,5961.9081394875066,0.25116234324221842,-1.8261835043386894,3.0825134870023145,0.0,0.0,0.0,2.0,167.0,193.0,0.0
45.653164383059789,2736.4526012667211,0.64456653904647765,-0.77887071947529041,2.995283123664938,0.0,0.0,0.0,0.0,122.0,169.0,0.0
60.881171233880423,4560.4999165795598,0.39418738413884152,-1.4486882935234464,2.9371498643798124,0.0,0.0,0.0,0.0,153.0,195.0,0.0
96.515152403282528,4714.8411500940065,-0.38548210804927063,-1.3091152644160764,4.2688459124317664,0.0,0.0,0.0,120.0,175.0,205.0,0.0
92.207041324736224,3817.8910912462406,-0.28907017560111231,-0.90303948809727741,4.5601247886630025,0.0,0.0,0.0,106.0,164.0,217.0,0.0
101.2124276450762,4049.2747867538137,-0.52910564511614888,-0.90541823644045749,4.5951080346144444,0.0,0.0,0.0,120.0,171.0,214.0,0.0
112.91261540152402,5662.699573779546,-0.59628471718108844,-1.2868253191796191,4.5070606356686902,0.0,0.0,0.0,144.0,190.0,215.0,0.0
103.74859320046893,4293.5650551721465,-0.77332032764835179,-1.0790194393114754,4.0581949091692797,0.0,0.0,0.0,132.0,167.0,191.0,0.0
49.452091881594377,3165.0792881943707,0.55570525810250793,-1.0347294348240623,2.8813128048049519,0.0,0.0,0.0,0.0,129.0,175.0,0.0
75.970912404747935,2591.9520252116267,-0.47855073960072519,-1.0991723666609752,4.064287656910178,0.0,0.0,0.0,91.0,131.0,161.0,0.0
91.523758059788975,3471.6473180282183,-0.58750036978794928,-1.0163731512672225,4.2890258354448747,0.0,0.0,0.0,113.0,153.0,188.0,0.0
75.379419145662368,2775.7797176579193,-0.19198781158108705,-0.66759230746564713,4.1960412052257912,0.0,0.0,0.0,90.0,128.0,204.0,0.0
120.53833437133648,4553.1666448517071,-0.77623468226369008,-0.86227340170601696,4.8909394336052801,0.0,0.0,5.0,146.0,186.0,226.0,0.0
97.545107341735047,3927.9680177163509,-0.57051304474352726,-0.96144368775904665,4.2426663065091459,0.0,0.0,0.0,117.0,166.0,205.0,0.0
104.57071823710434,4437.7758953992879,-0.66306207953954199,-1.0753304237108765,4.3634871035056451,0.0,0.0,0.0,131.0,173.0,202.0,0.0
74.11039895955453,6630.4163290685583,0.24449224353569138,-1.8471255455030153,3.0444786883367367,0.0,0.0,0.0,2.0,176.0,194.0,0.0
100.67055154601407,4354.9922797698009,-0.45705246676108258,-1.0546875443038901,4.4884409421175002,0.0,0.0,0.0,118.0,176.0,215.0,0.0
94.344342577667064,3518.9188118717966,-0.76141741772981697,-1.0099887786826702,4.0567587906542109,0.0,0.0,0.0,121.0,150.0,172.0,0.0
110.83971094665885,4871.3161468830367,-0.65189888458388667,-0.9433996949815624,4.3158704283672371,0.0,0.0,0.0,134.0,182.0,232.0,0.0
64.191039895955441,2089.4740355210492,-0.013236855946826116,-0.52365177250426376,4.0480422912969161,0.0,0.0,0.0,72.0,119.0,173.0,0.0
108.40131429513481,5115.3670251263793,-0.56581197858048549,-1.2236885461222335,4.5362666983172968,0.0,0.0,0.0,135.0,188.0,208.0,0.0
82.262342467760845,2394.8401667578628,-0.48679575026219096,-0.59364686950272816,4.4417358550421095,0.0,0.0,0.0,91.0,136.0,177.0,0.0
118.47588566090268,5364.034394319282,-0.7595330757266,-0.96510621140557173,4.3022060322932054,0.0,0.0,0.0,145.0,190.0,224.0,0.0
104.10782440650644,5268.3253637493544,-0.31260171414724158,-1.2780717926868976,4.5406194861937186,0.0,0.0,0.0,118.0,187.0,227.0,0.0
46.357284950175853,2892.2325137891148,0.7364042417497626,-0.44152518413371755,2.986605195418627,0.0,0.0,0.0,0.0,124.0,181.0,0.0
69.410754322977724,5699.3875382132355,0.30190902444572271,-1.643668624575078,2.9498922437945532,0.0,0.0,0.0,0.0,173.0,202.0,0.0
60.70065394196952,1844.7772112517268,0.10088589144512179,-0.14910966201419917,4.2283457763100492,0.0,0.0,0.0,67.0,111.0,162.0,0.0
74.583155956916755,6740.0359576688934,0.25177291931649382,-1.8276145371001074,3.0014903163874913,0.0,0.0,0.0,1.0,177.0,206.0,0.0
66.399704169109029,5488.6384515171139,0.33955619598341458,-1.650349952506285,3.1558259936326323,0.0,0.0,0.0,1.0,163.0,199.0,0.0
62.549379029894482,1724.8297440824504,-0.43916195337138048,-0.89015981752674245,3.9225699263088778,0.0,0.0,0.0,76.0,107.0,148.0,0.0
58.227397787221562,1771.7071175470701,0.43390171686529949,1.2582979151341762,4.0859776342667082,0.0,0.0,0.0,64.0,102.0,195.0,0.0
68.775032055978912,2023.1984561372346,-0.51669716642951147,-0.97017756183876847,3.88421367166052,0.0,0.0,0.0,81.0,118.0,140.0,0.0
66.289891376025793,2345.7017585279132,-0.041866762618580793,-0.83253434665768067,4.2206943464593412,0.0,0.0,0.0,75.0,125.0,166.0,0.0
72.246156030187578,2661.0583870959649,-0.23374608541440975,-1.0257770675871241,4.2747763760009416,0.0,0.0,0.0,88.0,129.0,174.0,0.0
100.18289309788979,4274.2784364717199,-0.46379285784093399,-1.0506601582146951,4.533949374634032,0.0,0.0,0.0,119.0,173.0,213.0,0.0
104.83905150937866,4475.0579650147838,-0.55227799957913726,-0.96646132273529783,4.4112079819113958,0.0,0.0,0.0,123.0,178.0,216.0,0.0
62.366410829425561,1886.2830991269402,-0.016628616435926346,-0.46131434936614779,4.1853135601050617,0.0,0.0,0.0,68.0,115.0,159.0,0.0
83.371939111957801,3474.0813308456477,-0.25840285552302683,-1.086712879242824,4.33801306530024,0.0,0.0,0.0,99.0,152.0,196.0,0.0
113.47448710433761,5804.479181302002,-0.46847872743127394,-1.1819301088349901,4.6274163456114037,3.0,0.0,2.0,144.0,187.0,255.0,0.0
100.63203949296602,3954.190455006647,-0.66575676353214852,-0.9297753517431171,4.2822135195534692,0.0,0.0,0.0,122.0,165.0,210.0,0.0
103.83560594958969,4534.0628449068572,-0.61656357978397325,-1.1085159893151535,4.2344715762980867,0.0,0.0,0.0,127.0,175.0,204.0,0.0
88.596146871336458,3503.6936884432589,-0.48054744113045395,-1.0735123476858111,4.2077276805408843,0.0,0.0,0.0,107.0,155.0,194.0,0.0
89.399099684935521,3381.053775383748,-0.25677155402623586,-0.66877494791841796,4.532221721661525,0.0,0.0,0.0,99.0,158.0,211.0,0.0
115.83163741940211,3979.7857742422166,-1.0382741955576138,-0.41721774531417877,4.3355567719448258,0.0,0.0,1.0,139.0,168.0,213.61000000010245,0.0
116.514037771102,5605.5316995558705,-0.61481979292703481,-1.0865116123983969,4.4973338718782649,0.0,0.0,0.0,140.0,196.0,230.0,0.0
104.17652586459553,4724.6204560722363,-0.46903773364655005,-1.0521019820799011,4.4158383118899209,0.0,0.0,0.0,130.0,174.0,228.0,0.0
72.224642804806564,2448.7604895961804,-0.29477077637967136,-0.84408897406372363,4.0664541594737127,0.0,0.0,0.0,85.0,127.0,173.0,0.0
76.571678084701048,3053.715161929782,-0.16002297888428629,-1.1477490682077476,4.3667811284287037,0.0,0.0,0.0,87.0,141.0,180.0,0.0
91.294665885111357,3082.7837904217795,-0.78350509363952447,-0.8528489831660937,4.0780948321108266,0.0,0.0,0.0,112.0,145.0,176.0,0.0
61.676482817995321,1841.7874994040496,0.038375934035280418,-0.2278041074612589,4.1291979830065797,0.0,0.0,0.0,67.0,113.0,169.0,0.0
105.1718924018171,4424.2032316144478,-0.68631966652904042,-1.0518555966259728,4.3086405060113657,0.0,0.0,0.0,131.0,172.0,200.0,0.0
77.798692116060963,2687.7173902149966,-0.35063828397502916,-0.89077404688270789,4.237759342890671,0.0,0.0,0.0,90.0,137.0,175.0,0.0
115.78310283558031,5195.2103312428681,-0.78816759859408603,-1.0115951733309509,4.2316135725773725,0.0,0.0,0.0,145.0,185.0,214.0,0.0
90.0322895296014,3823.273932657381,-0.31963442329096725,-1.0836520344098046,4.3501003817466621,0.0,0.0,0.0,104.0,166.0,199.0,0.0
110.88892236957795,5446.7723875440179,-0.56812753830950813,-1.2072485758036438,4.3835488500306798,0.0,0.0,0.0,139.0,188.0,227.0,0.0
101.45563269343495,3688.211767987008,-0.87343703711737031,-0.8477490217069259,4.1163937215296107,0.0,0.0,0.0,128.0,156.0,181.0,0.0
68.808296087338803,2373.8974084609836,-0.32930358075523553,-1.16117548919791,4.080894570793931,0.0,0.0,0.0,84.0,122.0,152.0,0.0
111.21262364449004,5214.2621356685122,-0.64378193849978071,-1.1519920459217416,4.3454851963828816,0.0,0.0,0.0,141.0,185.0,214.0,0.0
82.19054806565066,2555.1423732928242,-0.59088721835815938,-0.77527008929781838,4.2340028473153657,0.0,0.0,0.0,96.0,134.0,168.0,0.0
76.632376538686984,2854.4292964988986,-0.34020373397610937,-1.0910640300184029,4.2223527288970271,0.0,0.0,0.0,94.0,137.0,172.0,0.0
67.812804073856967,5808.3728068206401,0.36715985449763333,-1.5979141034830748,2.9508399113701218,0.0,0.0,0.0,0.0,174.0,202.0,0.0
72.004869761137158,2513.7207384850162,-0.20912827733919914,-0.89087862929887907,4.1673601066352113,0.0,0.0,0.0,83.0,132.0,171.0,0.0
110.29921691822977,4805.0258332085896,-0.5754122176743709,-0.9116202069240118,4.4611619706063683,0.0,0.0,0.0,132.0,182.0,238.0,0.0
87.746311730656515,2415.5996727060183,-0.74931636557808701,-0.37612851663864566,4.2687325457390992,0.0,0.0,0.0,102.0,137.0,179.0,0.0
78.536076714536932,4332.8605775005626,-0.18479100102350846,-1.62103840133847,3.4075109163488317,0.0,0.0,0.0,108.0,158.0,180.0,0.0
71.587153795427895,1986.1617293917927,-0.2247855174793392,-0.24030318016039987,4.2584327213782975,0.0,0.0,0.0,78.0,123.0,166.0,0.0
112.12428469372801,5155.3131023697115,-0.66440033436853052,-1.0970285598689049,4.3645351485888657,0.0,0.0,0.0,139.0,185.0,216.0,0.0
112.65464994871044,5730.5798366905501,-0.64608570109796748,-1.2738276781156759,4.082943871830456,0.0,0.0,0.0,145.0,188.0,209.0,0.0
67.795294182297781,2256.5424210704032,-0.13429463184859294,-0.68020123627775986,4.1325222282684813,0.0,0.0,0.0,77.0,125.0,172.0,0.0
105.36410737837045,3801.5048296490795,-0.61376222170923567,-0.55648767371880536,4.3808457058643482,0.0,0.0,0.0,117.0,175.0,217.0,0.0
85.023196622215707,3831.7867210389336,-0.32246619890768247,-1.3477847558309684,4.3585252664314744,0.0,0.0,0.0,105.0,157.0,191.0,0.0
34.606287551289569,1548.092817112361,0.64675554254699208,-0.7331607641545963,2.8462544976256856,0.0,0.0,0.0,0.0,93.0,121.0,0.0
99.915984026963656,4140.6750540800494,-0.63507360785471978,-1.0820807223759943,4.2317189393061589,0.0,0.0,0.0,122.0,167.0,193.0,0.0
97.1894334334701,4319.0682556908723,-0.49853774203413359,-1.2347955300787619,4.4474362927419975,0.0,0.0,0.0,123.0,165.0,203.0,0.0
61.851083492086758,1755.9308032479385,-0.30150138982758179,-0.86873428732856484,4.0557703253955388,0.0,0.0,0.0,74.0,112.0,139.0,0.0
63.39843841588511,1917.8978274632723,-0.45454428233521804,-1.2268234178440296,3.9506844685794285,0.0,0.0,0.0,82.0,109.0,136.0,0.0
82.820427901524027,3091.9623171674275,-0.35241851768981353,-0.93780838798506672,4.4042287789778438,0.0,0.0,0.0,97.0,145.0,193.0,0.0
76.056947904454873,2702.0607626513015,-0.16862155863593806,-0.72783483101996271,4.427437977298986,0.0,0.0,0.0,88.0,137.0,189.0,0.0
65.506664895955453,2036.4124848874853,0.18112203231449456,0.43871686948738464,4.2931466207238076,0.0,0.0,0.0,71.0,115.0,204.0,0.0
84.985600454279009,3058.8959953934113,-0.47386056721023362,-0.9301319328739206,4.3001126433464858,0.0,0.0,0.0,99.0,147.0,188.0,0.0
69.768248094958963,2199.5850329947211,-0.33986860644908673,-1.0153011251371613,4.2909544486673736,0.0,0.0,0.0,80.0,126.0,153.0,0.0
105.56818856242673,4575.6104697513729,-0.70110293492370568,-1.1296106447879593,4.2312991095140644,0.0,0.0,0.0,132.0,173.0,193.0,0.0
100.77714775058617,3609.9547780018361,-0.80883015337749187,-0.72368666738833021,4.1269010470455445,0.0,0.0,0.0,124.0,156.0,203.0,0.0
72.338882070633048,2233.8494311798941,-0.21090382392038073,-0.31673036963944812,4.2359086519277698,0.0,0.0,0.0,82.0,124.0,185.0,0.0
76.430345105509957,2369.4604782806678,-0.55618649650648233,-0.83819440112551158,4.0806877587954542,0.0,0.0,0.0,93.0,126.0,162.0,0.0
84.491659034290748,3194.6587284206707,-0.30995432374547738,-0.76220446758668148,4.2374485559796851,0.0,0.0,0.0,97.0,146.0,206.0,0.0
79.910862397420857,3053.4630062756141,-0.2695599777307976,-0.895455071938835,4.1633348974087729,0.0,0.0,0.0,92.0,143.0,190.0,0.0
84.753343896541608,3604.5838403900148,0.13051927651758555,-0.59330484154343965,4.9379544619094498,0.0,0.0,2.0,95.0,157.0,233.0,0.0
102.38562426729192,4240.9042540651553,-0.71212266386748624,-1.1364612908497456,4.3483814809400965,0.0,0.0,0.0,130.0,167.0,188.0,0.0
54.974544805099654,1520.8219753111885,0.1659917378187348,0.094236444672299857,4.0446943233848414,0.0,0.0,0.0,60.0,101.0,162.0,0.0
86.006194131008201,3326.164658841124,-0.39589959916912365,-1.0056011254556592,4.3282425803618487,0.0,0.0,0.0,100.0,149.0,196.0,0.0
110.69330068955399,4594.1464908440039,-0.74190903624943039,-0.95928566758315847,4.4540449971251288,0.0,0.0,2.0,137.0,176.0,215.0,0.0
119.80103158010563,5067.2674694097277,-0.88762123788033287,-0.85709460082139621,4.350221569721441,0.0,0.0,0.0,149.0,185.0,211.0,0.0
49.343025668331379,2894.8230566208895,0.27754644683315927,-1.6234611332497491,2.5058333542116937,0.0,0.0,0.0,0.0,112.0,147.0,0.0
47.76633647914219,2666.3617965925691,0.21872196785795592,-1.7986245157811434,2.4689796408930782,0.0,0.0,0.0,0.0,109.0,128.0,0.0
47.926698369565216,2679.702272288132,0.19691911772049184,-1.8729297146631456,2.4167430585719689,0.0,0.0,0.0,0.0,108.0,127.0,0.0
48.363902761457119,2721.3491901591697,0.20830411011677685,-1.8335300257489049,2.5004441033761271,0.0,0.0,0.0,0.0,110.0,133.0,0.0
70.915539522058822,4925.640547493842,0.060135028957513131,-1.8762052890521514,3.0990725076465249,1.0,0.0,1.0,101.0,148.0,172.0,0.0
56.571558823529408,3330.1420521288928,0.10949474504470105,-1.8450390151738341,2.8614748944414652,0.0,0.0,0.0,2.0,124.0,144.0,0.0
45.57774356617648,2272.5341140261535,0.27166371635164188,-1.5137231460093901,2.9265883977108675,0.0,0.0,0.0,3.0,107.0,133.0,0.0
66.144374080882358,4571.8150890291799,0.12983991882692153,-1.7949421195641493,2.9165080429746331,0.0,0.0,0.0,4.0,143.0,188.0,0.0
67.64502022058825,4462.5901161944439,0.044265619225872507,-1.9149964726004445,3.0356788276262705,1.0,0.0,1.0,102.0,142.0,164.0,0.0
57.479123161764704,3505.6850843782136,0.18857728651456043,-1.6372311345112955,2.9041332068442349,0.0,0.0,0.0,3.0,126.0,167.0,0.0
54.764400735294117,3208.2659709276468,0.21321559935312337,-1.6081345894006414,2.9444247856558841,0.0,0.0,0.0,3.0,120.0,164.0,0.0
55.731396139705886,3031.5727278853524,0.075172722353632593,-1.847951694808406,3.0134788216417547,1.0,0.0,1.0,83.0,117.0,145.0,0.0
67.304743566176484,4432.0139043368154,0.056506575647384982,-1.8894179606192421,3.0392313283021224,1.0,0.0,1.0,97.0,141.0,171.0,0.0
65.97312316176469,4246.3920221208609,0.054340397531282836,-1.8931109641935522,3.0370284407449915,1.0,0.0,1.0,99.0,138.0,164.0,0.0
56.714590992647061,3147.2663790146976,0.071116381134145604,-1.8778786318265097,3.0850875630668488,1.0,0.0,1.0,74.0,121.0,139.0,0.0
50.142522058823531,2724.7149981245129,0.23798903667738477,-1.6146019455599248,2.9587364020015992,0.0,0.0,0.0,3.0,117.0,153.0,0.0
62.765777573529405,3804.7097483108205,0.023761611562951947,-1.9508041621590251,2.9192294314880045,1.0,0.0,1.0,98.0,130.0,145.0,0.0
60.131798713235291,3815.5747586947773,0.15245042047878349,-1.7675407501367661,2.9327596104601494,0.0,0.0,0.0,3.0,136.0,165.0,0.0
62.171088235294114,3967.27094940398,0.11903152035033807,-1.8075223416305279,3.1274962396264607,0.0,0.0,0.0,4.0,134.0,173.0,0.0
53.826441176470588,2850.9230648347752,0.10120931210833412,-1.8023195933124143,3.1139863863031505,1.0,0.0,1.0,71.0,116.0,135.0,0.0
54.377805313974065,3158.1728135206176,0.19105484927537936,-1.685262797836913,2.9041335912710387,0.0,0.0,0.0,2.0,122.0,159.0,0.0
66.589372973172175,4619.5726710064537,0.11516110330321218,-1.8265128197658376,2.8927098993556939,0.0,0.0,0.0,3.0,147.0,174.0,0.0
57.709014777417451,3523.9172871742367,0.16280390081028923,-1.7373485419265526,2.8887836778714568,0.0,0.0,0.0,3.0,129.0,160.0,0.0
72.098457768278308,5375.3644769110269,0.086062194061173714,-1.8908021239257748,2.8923207938935658,0.0,0.0,0.0,3.0,158.0,179.0,0.0
57.610194943985846,3479.7188399015604,0.14258282773959102,-1.7478464485937006,2.8128788028452103,0.0,0.0,0.0,2.0,124.0,162.0,0.0
59.511867076945755,3903.0938929283811,0.17098046978183859,-1.82055433666352,2.811236330011011,0.0,0.0,0.0,0.0,134.0,167.0,0.0
54.924198481721689,3174.4188819305341,0.14508634912242002,-1.7653666495360738,2.8534351476784621,0.0,0.0,0.0,2.0,121.0,149.0,0.0
61.847145857900941,4199.2512781525165,0.16470394323632154,-1.8173958920536988,2.7890675752534158,0.0,0.0,0.0,1.0,139.0,166.0,0.0
72.412077130011795,5372.3719994480616,0.05793171635350116,-1.928342756609547,2.6980036321127283,0.0,0.0,0.0,2.0,154.0,179.0,0.0
62.800914836379711,4469.4952753644302,0.25609416418906367,-1.6669444958640509,2.9979375616300272,0.0,0.0,0.0,1.0,151.0,181.0,0.0
62.853235554245273,4108.6311061290662,0.10599182106068993,-1.8531517651811638,2.8534690293292559,0.0,0.0,0.0,3.0,138.0,165.0,0.0
57.170307893573096,3435.9169277464457,0.1551714195902183,-1.6954939295602516,2.7624990907088431,0.0,0.0,0.0,2.0,123.0,170.0,0.0
63.253511018573107,4130.1177901307374,0.084098087176936495,-1.8819317784785698,2.7621232877900912,0.0,0.0,0.0,3.0,136.0,158.0,0.0
62.642905181308961,4106.5023983479523,0.12571102807446694,-1.801790527729447,2.8086350287733017,0.0,0.0,0.0,2.0,136.0,172.0,0.0
47.347817856087467,3511.1102201015756,0.61763693791332563,-1.2806299701112764,2.7895639367435097,0.0,0.0,0.0,0.0,131.0,173.0,0.0
50.260220892434987,3888.2965193513251,0.56809091925612809,-1.395332059614115,2.7642768283151127,0.0,0.0,0.0,0.0,137.0,171.0,0.0
51.091859670508278,4002.4065099022932,0.55410702104396925,-1.4296449792382842,2.7334554473887565,0.0,0.0,0.0,0.0,139.0,175.0,0.0
52.349820848108749,4097.7701360864048,0.47766548673542603,-1.637288461961002,2.6078737877517635,0.0,0.0,0.0,0.0,139.0,166.0,0.0
50.976821993203309,3913.4749549859694,0.50811615700652735,-1.5320760532349453,2.6596568152037827,0.0,0.0,0.0,0.0,136.0,165.0,0.0
106.29758664273155,4391.8390387243589,-0.65324839401506596,-0.99386266436121762,4.4731561644177553,0.0,0.0,0.0,127.0,178.0,208.0,0.0
56.739468237104347,3701.0282590812376,0.34029089390479944,-1.490536179501994,3.078332128215862,0.0,0.0,0.0,1.0,139.0,175.0,1.0
60.329420327240562,3778.0916757179293,0.098089485010143293,-1.8676411832381166,2.7891684163224393,0.0,0.0,0.0,2.0,134.0,154.0,1.0
66.363049531066821,5671.934527101298,0.44988909131197496,-1.4219316975536129,3.3604074816039429,0.0,0.0,0.0,2.0,168.0,218.0,1.0
86.953299934056275,2948.2241150812738,-0.41097468656179242,-0.99608059110839831,4.7862467031237887,0.0,0.0,2.0,104.0,142.0,197.0,1.0
94.553536232414984,3430.3779295928034,-0.79527644581699153,-1.0022204981732543,4.0196527833764364,0.0,0.0,0.0,118.0,152.0,171.0,1.0
44.768894301470588,2901.5802877664009,0.86410790448773389,-0.48557604006062283,3.3347188109546329,0.0,0.0,0.0,4.0,124.0,186.0,1.0
98.830446768757326,4197.7727528374726,-0.29568413001869176,-0.94545452448850842,4.7177970431077521,0.0,0.0,0.0,114.0,169.0,234.0,1.0
35.187458785169987,1755.8457126256098,0.82475380106390017,-0.24556000503842412,2.8814934601628983,0.0,0.0,0.0,0.0,94.0,145.0,1.0
55.692481282552087,1244.4522038855548,0.15695974133057172,1.6258869423366082,3.8645493439999767,0.0,0.0,0.0,63.0,89.0,159.0,1.0
75.616548212192257,2771.5726525927812,-0.1454314471641128,-0.46392628616194687,4.2082016129198276,0.0,0.0,0.0,92.0,128.0,220.0,1.0
40.12118808616647,1883.5431167889201,0.31397760543713377,-1.4805758747756403,2.6239432252761303,0.0,0.0,0.0,0.0,94.0,120.0,1.0
121.93721332796014,5476.1811609624765,-0.97184438680944651,-0.96768875661629883,3.7030191132634487,0.0,0.0,0.0,162.0,178.0,193.0,1.0
122.07826334635415,4348.2874832470552,-1.1819258199951408,-0.30935410060707813,3.8954446442153001,0.0,0.0,0.0,149.0,176.0,195.0,1.0
42.503789016705738,2170.6045760595307,0.3667115952460856,-1.4811916738156663,2.8065986199941531,0.0,0.0,0.0,0.0,104.0,136.0,1.0
79.058244797772574,2462.3290811660418,-0.75214399534596865,-0.91634414688474708,3.7609958323336521,0.0,0.0,0.0,101.0,121.0,157.0,1.0
56.707628242924528,3433.778323295759,0.15115223785568219,-1.8012068530460335,2.9832530333231793,0.0,0.0,0.0,2.0,125.0,159.0,1.0
100.0757336239742,4525.0805563657377,-0.51945127916904377,-1.2003351177158854,4.4570446529758518,0.0,0.0,0.0,126.0,169.0,213.0,1.0
60.790777012087261,3942.886835447991,0.18735132929778323,-1.6713110650570773,2.9372385276509307,0.0,0.0,0.0,2.0,135.0,179.0,1.0
97.452684459261434,4285.8526062718438,-0.27466324303419437,-1.0126756011842413,4.7691223315412685,0.0,0.0,3.0,122.0,161.0,251.0,1.0
64.611194863716293,5147.5310266753195,0.3061484575637059,-1.7488013523126744,3.1919971340370612,0.0,0.0,0.0,2.0,159.0,182.0,1.0
101.47929824882766,4523.8509104615314,-0.63979289029867992,-1.2137529663300863,4.079048837952497,0.0,0.0,0.0,134.0,164.0,204.0,1.0
78.235757070633056,2791.4306464392266,-0.27668358525563114,-0.94106984883550826,4.439949485117122,0.0,0.0,0.0,90.0,138.0,182.0,1.0
137.18396559935525,6800.4692990600697,-0.91596761236495516,-0.97708456863975801,4.337164027101692,0.0,0.0,0.0,178.0,206.0,227.0,1.0
32.242981572391557,1448.0768983713631,0.82000971998131789,-0.19668090273377814,2.8238867051902901,0.0,0.0,0.0,0.0,85.0,138.0,1.0
47.150201494724506,2905.1531868732327,0.61579386575564721,-0.90920371899879537,3.1270985737467125,0.0,0.0,0.0,1.0,123.0,179.0,1.0
42.172931661280842,2087.4472309140283,0.23417702450257566,-1.7432964424720687,2.3756355219393495,0.0,0.0,0.0,0.0,95.0,116.0,1.0
48.241582099941382,957.41551979326709,-0.0061881568440719575,0.51393997942444836,4.0340838256533731,0.0,0.0,0.0,53.0,80.0,120.0,1.0
64.83405810375146,1891.4708476657331,-0.26695251139579274,-0.83052826674620706,4.1348909224577959,0.0,0.0,0.0,74.0,117.0,152.0,1.0
70.152465006510411,1595.8172321236125,-0.72188149304149019,-0.1070121483904769,3.7020826168672607,0.0,0.0,0.0,83.0,105.0,162.0,1.0
49.411528245896832,3361.4448233202374,0.74797712429209429,-0.39462680684672113,2.9299391712979688,0.0,0.0,0.0,0.0,130.0,205.0,1.0
78.491495090855807,3326.0379533845744,0.016319404819232927,-0.91923136295102648,4.6296034713232235,0.0,0.0,0.0,86.0,149.0,215.0,1.0
32.066158040364584,1249.6416623389555,1.5765965584957502,4.4771866553276993,3.7002446404980573,0.0,0.0,0.0,22.0,81.0,137.0,1.0
105.8024967028136,5024.6257986463115,-0.57513557732702403,-1.2855453939637982,4.327267056414799,0.0,0.0,0.0,135.0,180.0,200.0,1.0
52.628836263020837,1019.2711844204555,-0.09635552161929288,1.6546268812596532,3.6684926435898206,0.0,0.0,0.0,60.0,85.0,127.0,1.0
58.856650241793666,1798.8864601155797,0.1661680099108945,-0.064532860616848708,4.1688402874694441,0.0,0.0,0.0,66.0,109.0,177.0,1.0
63.007934312719811,1780.4592360282177,-0.25344497166283186,-0.48459738254033624,3.9915063464195781,0.0,0.0,0.0,74.0,110.0,146.0,1.0
76.254244211606093,2935.032985906656,-0.50777022636917801,-1.4241713192473042,3.7918743695659662,0.0,0.0,0.0,103.0,129.0,159.0,1.0
89.132964536928498,3436.3108557484493,-0.37741925961398937,-0.91168817439187722,4.5783518073027079,0.0,0.0,0.0,106.0,149.0,208.0,1.0
53.268129029894496,1350.1080526029291,0.036998393037463072,0.009778385545532231,3.9591690534021144,0.0,0.0,0.0,58.0,98.0,140.0,1.0
47.738992892731531,780.26722479171383,-0.32653082083757479,-0.35723785268913266,4.0921033717429403,0.0,0.0,0.0,55.0,78.0,108.0,1.0
50.790121978183947,2851.2494579966187,0.23409830003955376,-1.6734133494735852,2.9114024307729611,0.0,0.0,0.0,1.0,118.0,142.0,1.0
53.478030663833522,4403.2106874830861,0.72358207040308098,-0.94193338544753979,2.8667476484309931,0.0,0.0,0.0,0.0,151.0,204.0,1.0
53.115848475967177,3944.2605753205344,0.65076495449511051,-1.001747592282392,3.3596464391789564,0.0,0.0,0.0,2.0,146.0,196.0,1.0
107.34019453399765,5003.2015009732932,-0.59010828441173702,-1.2451666706162074,4.5222688425599626,0.0,0.0,0.0,139.0,176.0,221.0,1.0
51.039931674970688,1324.6679880009003,0.22912836972555922,0.25494650625737636,4.0190632552762464,0.0,0.0,0.0,55.0,92.0,159.0,1.0
112.8057902256741,4526.3525393777409,-0.87873928132941193,-0.86114560437611543,4.2978798796434505,0.0,0.0,0.0,141.0,174.0,202.0,1.0
66.941925556858152,2712.472222684376,-0.35536382671419531,-1.4402278866381293,3.1880392074425554,0.0,0.0,0.0,95.0,114.0,152.0,1.0
30.937776692708333,437.6829495490922,0.30989362775122009,1.822298167487574,3.3352263415264289,0.0,0.0,0.0,35.0,49.0,96.0,1.0
64.21668375651042,2880.0983565806537,-0.071511169736521538,-1.4479938845007518,3.604059126737309,0.0,0.0,0.0,78.0,128.0,165.0,1.0
97.181089720105518,4339.6473895071176,-0.38950386714041435,-1.2053941910273702,4.51700409657996,0.0,0.0,0.0,113.0,170.0,209.0,1.0
29.454476725260417,531.69767535281107,0.13287176709573428,0.1519057339837806,2.9635207577341269,0.0,0.0,0.0,39.0,49.0,90.0,1.0
44.854183763188743,1156.2491746854575,0.34907164557151116,-0.53527924454359566,4.2211018124340045,0.0,0.0,0.0,40.0,89.0,132.0,1.0
60.754060058593751,2774.213467809544,0.19993944278848477,-1.1576943120403489,3.8351220887134989,0.0,0.0,0.0,67.0,131.0,170.0,1.0
120.29702703692848,4366.307957530189,-1.1594203438004675,-0.51161160723568289,3.8974081885784946,0.0,0.0,0.0,154.0,169.0,187.0,1.0
102.93068123534583,4619.8594066981404,-0.60256265875839998,-1.1931351984911975,4.2682527201855356,0.0,0.0,0.0,128.0,172.0,203.0,1.0
47.557930649179369,3544.1443634859579,0.87801324776423995,-0.31679240777946305,2.9901700513280813,0.0,0.0,0.0,0.0,130.0,222.0,1.0
96.634177168815953,4793.2883362441089,-0.3042010081714312,-1.1928169531423143,4.5040503217429215,0.0,0.0,0.0,123.0,168.0,239.0,1.0
65.322004139800697,1521.0432570253347,-0.38576890395859031,0.94771524418357744,3.5445417896124254,0.0,0.0,0.0,82.0,93.0,145.0,1.0
76.415799018171157,3532.8531790985276,-0.18682129496201322,-1.5583106072669948,4.4243954071090608,0.0,0.0,0.0,90.0,144.0,170.0,1.0
73.320491097596715,2338.0737756014373,-0.58003732234125527,-1.1182454828856017,3.9737488757735608,0.0,0.0,0.0,91.0,125.0,152.0,1.0
93.008906982708098,3400.741482616128,-0.67208756504595157,-1.041848907495567,4.2536894609048117,0.0,0.0,0.0,114.0,151.0,178.0,1.0
25.040847560082064,896.63179150760902,0.8637288686766641,0.19594156075255809,2.6703497407483163,0.0,0.0,0.0,0.0,69.0,91.0,1.0
115.15052388628369,5433.5413684242531,-0.62901087613045392,-1.1400963263984807,4.495562125175061,0.0,0.0,0.0,138.0,190.0,218.0,1.0
69.115586532825318,2018.45128658813,-0.46403723934851965,-0.9007380469625681,4.0359771033961831,0.0,0.0,0.0,81.0,120.0,148.0,1.0
95.353323747069169,3918.328132545173,-0.49369585854050141,-1.0324990722630856,4.3499207892329057,0.0,0.0,0.0,117.0,163.0,214.0,1.0
64.437926802461902,5895.2853394738322,0.7441451271587084,-0.77811877172900878,3.1546548182634573,0.0,0.0,0.0,0.0,185.0,240.0,1.0
102.80469889322917,3052.5361559802982,-1.2189327995823211,-0.27696424574888612,3.6623621380092364,0.0,0.0,0.0,126.0,146.0,159.0,1.0
69.485474978018772,1835.514745427605,-0.43682755287578995,-0.2761610396514329,3.8475367707577499,0.0,0.0,0.0,84.0,102.0,175.0,1.0
83.441937463364596,3293.9910656556726,-0.34898786450993413,-1.0233273491373791,4.3300326684016053,0.0,0.0,0.0,101.0,144.0,199.0,1.0
50.961720581770223,1148.75079600648,-0.37876360190546371,-1.0395959729483701,4.0126331463518099,0.0,0.0,0.0,59.0,90.0,109.0,1.0
56.062443215123096,1394.9349490277691,-0.47374335798036715,-1.1460621909679685,3.9036597956080432,0.0,0.0,0.0,67.0,97.0,118.0,1.0
155.77269838071513,6357.7335103733421,-1.1838828268579011,-0.22668548471417838,4.671909831875098,0.0,0.0,3.0,188.0,222.0,238.0,1.0
106.14424732561547,4250.7325549232974,-0.59839513692277502,-0.99825977229735807,4.6139257166858947,0.0,0.0,0.0,122.0,175.0,201.0,1.0
59.993786635404462,4343.0872763853085,0.38876013509698332,-1.4066282304561448,2.9752197070786379,0.0,0.0,0.0,0.0,148.0,204.0,1.0
66.171177095545133,2148.2223653128631,0.037451118951156853,-0.25054773130731434,4.4184210102560515,0.0,0.0,0.0,75.0,119.0,183.0,1.0
107.4404464024033,6191.4165277388838,-0.14614571366913343,-1.3109230326601857,4.6398685672671007,0.0,0.0,0.0,119.0,208.0,237.0,1.0
97.813067848769037,3949.6673277659129,-0.64005646676710337,-1.0977979332993111,4.3457329387935593,0.0,0.0,0.0,122.0,162.0,192.0,1.0
49.813073344079726,1045.7414285894331,-0.29135353748040299,-0.42386247765340501,3.8758741601159219,0.0,0.0,0.0,58.0,86.0,113.0,1.0
75.956755568581485,2474.057444470734,-0.48324423905939679,-1.094386295787805,4.3414465707834671,0.0,0.0,0.0,93.0,129.0,160.0,1.0
52.187853190104164,1792.3564250461552,-0.063731442767641297,-1.2018207293380163,3.5240201703391909,0.0,0.0,0.0,63.0,102.0,126.0,1.0
50.803631184895835,1865.4491785462671,0.19688778249267933,-0.95054948471758349,3.755931999190433,0.0,0.0,0.0,56.0,104.0,140.0,1.0
61.302566310082064,1660.0604117903713,-0.32300285250158145,-0.75952917874024806,3.9749240719702401,0.0,0.0,0.0,70.0,107.0,148.0,1.0
82.271726626611951,3183.6342555694641,-0.10892529815040158,-0.84694362840525272,4.6191523914431238,0.0,0.0,0.0,94.0,146.0,216.0,1.0
49.624301179660023,3194.5812593574146,0.53202178415796597,-1.2203198733024472,3.0255264751318203,0.0,0.0,0.0,0.0,132.0,170.0,1.0
102.62159290738572,4445.4124096256,-0.04835120394435799,-0.9354577107873574,5.0641907881360861,0.0,0.0,1.0,111.0,198.0,228.0,1.0
71.280012639214533,2253.5423551214703,-0.41970816796724286,-1.0194355396193779,4.2017959504107418,0.0,0.0,0.0,85.0,123.0,159.0,1.0
71.546626838235284,5283.8060667467807,0.097848367243867113,-1.8643078649308049,3.049668337944802,0.0,0.0,0.0,5.0,158.0,183.0,1.0
19.36057720588235,609.01854290212736,1.6092235831633717,3.7906964889324088,2.8770994248673629,0.0,0.0,0.0,2.0,51.0,111.0,1.0
65.373401569870282,4490.5427618999893,0.13538272379649885,-1.8098468406437773,2.9623812207816007,0.0,0.0,0.0,3.0,146.0,175.0,1.0
97.474948730468753,3328.6380622125407,-0.52207729947652337,-0.32207794617318575,4.1472064069239227,0.0,0.0,0.0,107.0,154.0,237.0,1.0
49.75568215123095,3312.6402886393012,0.62890622338275348,-0.83125062582008535,2.9486388841223965,0.0,0.0,0.0,0.0,129.0,188.0,1.0
98.542227798944893,3793.2157248727844,-0.30727702696196896,-0.71312340443536071,4.8605458225807761,0.0,0.0,3.0,117.0,162.0,237.0,1.0
37.973567708333334,1325.539631737603,1.2724802535535569,2.7912882245599278,3.5268050291914221,0.0,0.0,0.0,41.0,73.0,169.0,1.0
114.26313837192262,4761.3658833071277,-0.62454804619856685,-0.82253088420266351,4.7057506538318146,0.0,0.0,0.0,138.0,184.0,233.0,1.0
104.79728714830013,3774.5937825730261,-0.75299717183599002,-0.93577551084772326,4.5055590528400131,0.0,0.0,0.0,130.0,166.0,181.0,1.0
73.559370420574453,2406.0682036115431,0.17326792455642606,-0.25325317984696838,4.7767780949223448,0.0,0.0,0.0,79.0,123.0,202.0,1.0
23.109843933177022,782.65386887951195,0.93028806689046828,0.20349487192616289,2.6516320070964721,0.0,0.0,0.0,0.0,62.0,102.0,1.0
94.782696182590854,3972.3553279592047,-0.58487301887987519,-1.2240061932621604,4.2549376142861401,0.0,0.0,0.0,119.0,159.0,186.0,1.0
30.909064514947246,1330.8669349799379,0.61541627754164141,-0.91303801902035264,2.5993544303409171,0.0,0.0,0.0,0.0,84.0,107.0,1.0
70.677089133939035,2128.9490669738107,-0.41288363921940613,-0.8737674950442651,4.17766695981752,0.0,0.0,0.0,83.0,122.0,155.0,1.0
143.96810888042205,6884.3528315057292,-0.88823285443500777,-0.85492021896013259,4.7840336460612072,0.0,0.0,2.0,178.0,223.0,244.0,1.0
29.925651194314185,1028.571083297004,0.27606116447686485,-1.6330097170656122,2.6093925171219263,0.0,0.0,0.0,0.0,72.0,85.0,1.0
36.82505220545135,1585.0911208116797,0.27192839011215331,-1.7131320808998074,2.6465325316032384,0.0,0.0,0.0,0.0,89.0,104.0,1.0
112.47033448124266,5814.8147064898221,-0.67823117604937144,-1.3739539541655341,3.8480556050794221,0.0,0.0,0.0,156.0,177.0,212.0,1.0
43.890954718640089,1417.2555036166482,0.058696364095248359,-1.3199226190348781,3.5134606273584779,0.0,0.0,0.0,55.0,91.0,116.0,1.0
29.507190614009378,1197.7624830987045,0.73452039652132639,-0.38761268370040369,2.7019766050011182,0.0,0.0,0.0,0.0,78.0,112.0,1.0
57.459192738862832,1576.3453599725967,-0.38325710520189549,-1.0809558388110025,3.8591820506485774,0.0,0.0,0.0,71.0,101.0,135.0,1.0
62.295654125146534,4738.901703343734,0.29532050893176487,-1.7060184395713067,2.9753741777594174,0.0,0.0,0.0,2.0,145.0,191.0,1.0
41.848971461019929,2142.7707526239656,0.38998888387886316,-1.4917248736947837,2.8216311103772709,0.0,0.0,0.0,0.0,105.0,135.0,1.0
120.80458034144198,5982.0868670260406,-0.39921363055852943,-1.0656969368494316,4.8489527212467287,0.0,0.0,0.0,140.0,212.0,245.0,1.0
51.24223787368112,3795.3002827483697,0.74044332705226268,-0.91635031304730186,3.1458197110968715,0.0,0.0,0.0,0.0,150.0,185.0,1.0
47.78653265035377,3136.214204685918,0.74794297061393078,-0.58831001227406521,3.1406075192312182,0.0,0.0,0.0,1.0,127.0,191.0,1.0
80.1282788686987,3068.1131624245768,-0.49434965918973867,-1.304791893172824,4.1460261471385165,0.0,0.0,0.0,105.0,136.0,167.0,1.0
65.558708235638917,2180.971033120325,-0.15955524244592331,-0.95040115901664945,4.2240530636329723,0.0,0.0,0.0,77.0,119.0,165.0,1.0
32.98915934244792,763.39757372363351,0.64196197542526023,0.059245671318491233,3.941465530787069,0.0,0.0,0.0,30.0,70.0,108.0,1.0
82.01948453985932,4147.5333102706418,-0.31393935855657423,-1.4924752738458489,3.4803835929762212,0.0,0.0,0.0,113.0,148.0,196.0,1.0
60.865970288686981,1832.57051878121,-0.03597391133091149,-0.3861593007236368,4.1561023391489655,0.0,0.0,0.0,70.0,109.0,167.0,1.0
92.641646211899186,4025.1258808113812,-0.37929056403696038,-1.2991216942895496,4.469500509358193,0.0,0.0,0.0,112.0,166.0,190.0,1.0
60.377972819010417,2310.3119697186621,0.015638830035550721,-1.1282047319463269,3.8624110022156732,0.0,0.0,0.0,69.0,121.0,160.0,1.0
119.02052956477139,5715.6679612670405,-0.52236048493214449,-1.2621269808508782,4.8444257167595923,0.0,0.0,0.0,148.0,197.0,227.0,1.0
74.696367872807002,1869.6340785474181,-0.85397503545073716,-0.70673936023642892,4.0081354594852492,0.0,0.0,0.0,89.0,117.0,134.0,1.0
68.02434895833332,2046.0209370761447,-0.35520962265115091,-1.1261864285770886,4.1229839115468661,0.0,0.0,0.0,78.0,122.0,141.0,1.0
104.67333492086753,5027.706445699815,-0.39304791419736784,-1.2480948265562393,4.6414002014925062,0.0,0.0,0.0,123.0,184.0,219.0,1.0
51.117748021688158,3828.7320633781837,0.58193854671577983,-1.2835368191687566,2.7866888036596675,0.0,0.0,0.0,0.0,141.0,185.0,1.0
128.73061162807738,6844.7282807623405,-0.5176425517856168,-1.1668105905773087,4.9076969269518029,0.0,0.0,0.0,152.0,221.0,247.0,1.0
59.274564615885417,1184.9644734839433,-0.70203742161405713,-0.54576442883242349,3.8015144781787717,0.0,0.0,0.0,68.0,93.0,120.0,1.0
71.905298395369286,2637.0852477916023,0.17487207346847169,-0.17014899898886915,4.3488363506949073,0.0,0.0,0.0,76.0,133.0,210.0,1.0
33.390983952702705,1388.2697125196455,0.27537393813481964,-1.8048421289367824,2.2935675885066282,0.0,0.0,0.0,0.0,79.0,97.0,1.0
66.83656581662737,5035.8036327228947,0.36031265144875274,-1.3470401682355988,3.2159124653573015,0.0,0.0,0.0,3.0,152.0,222.0,1.0
111.91847981389213,4993.2166774736179,-0.64797622025119805,-1.0775327050603958,4.464508277827453,0.0,0.0,0.0,138.0,193.0,204.0,1.0
52.87441016998828,3431.4512644894394,0.42197728533207013,-1.3640931424435918,2.9368589596652108,0.0,0.0,0.0,0.0,133.0,178.0,1.0
55.389703124999997,2994.1942408493651,0.08392359582179644,-1.8079322776440752,3.0080586731925631,1.0,0.0,1.0,83.0,115.0,146.0,1.0
19.445979913337247,505.16176492365651,0.60739664733568488,-0.56194244580978214,2.3190615700184583,0.0,0.0,0.0,0.0,47.0,71.0,1.0
34.241709407971868,1734.088911336424,1.1802765454318271,1.7292080746617806,2.8773942737048648,0.0,0.0,0.0,0.0,87.0,163.0,1.0
57.345128242924538,3573.4007936303697,0.13934754577663483,-1.8419380710103004,2.5933100694225599,0.0,0.0,0.0,1.0,125.0,149.0,1.0
45.168359375000009,1514.3371547953288,0.29276976618872613,-0.35905446714977307,3.5681247605321498,0.0,0.0,0.0,50.0,92.0,134.0,1.0
120.84793559495895,5660.3969709360617,-0.85579284834132074,-1.0850432147621281,4.1564183339326748,0.0,0.0,0.0,158.0,186.0,204.0,1.0
113.39664053341149,4791.3526392854956,-0.62495631257755979,-0.87076892889274404,4.5481741458292282,0.0,0.0,0.0,134.0,189.0,226.0,1.0
52.652441749706917,1515.6929158945406,0.0969798288829989,-0.75986225915978212,4.1786185707513841,0.0,0.0,0.0,55.0,99.0,148.0,1.0
86.280809459261434,3415.3154245132991,-0.38557468926983807,-1.0486892040170495,4.32013640254858,0.0,0.0,0.0,105.0,152.0,201.0,1.0
53.035822098475961,3559.6291644619041,0.53959885651356221,-1.0153179007593613,3.0411777919303962,0.0,0.0,0.0,0.0,134.0,195.0,1.0
25.54710661764706,761.83162104010307,0.47361735775281849,-1.0539205737989903,2.755639088754525,0.0,0.0,0.0,2.0,62.0,93.0,1.0
82.614963730949597,3005.5818100844117,-0.46553313624467618,-1.1253850548454507,4.2870403179974712,0.0,0.0,0.0,101.0,142.0,176.0,1.0
71.653431821512314,2357.1991304961939,-0.23905900638275893,-0.63308161384324579,4.2511475053316286,0.0,0.0,0.0,84.0,123.0,185.0,1.0
60.877774216002344,1551.4810868322284,0.072162258190855366,0.66132146871672282,4.1266834892768021,0.0,0.0,0.0,68.0,102.0,177.0,1.0
50.261000976562499,1836.4640253001294,0.21687092867049518,-0.55310392321747459,3.6076931046018688,0.0,0.0,0.0,56.0,100.0,134.0,1.0
38.64063395182292,1650.5371296436781,0.67438985073931879,-0.28988486964422933,3.1016128225507575,0.0,0.0,0.0,46.0,93.0,140.0,1.0
99.971712888335276,3785.8041538618818,-0.76621866787080817,-0.99043161563343274,4.3280518138344011,0.0,0.0,0.0,126.0,157.0,188.0,1.0
56.222828530365561,3586.88989730602,0.35323321395180213,-1.4353203829017096,3.0940904999489534,0.0,0.0,0.0,2.0,136.0,179.0,1.0
43.077178890679946,2219.8291410521861,0.42511179494673074,-1.2831561306788462,3.0572090110704293,0.0,0.0,0.0,1.0,108.0,137.0,1.0
52.850740035169991,3634.1363014746225,0.46314779264982459,-1.4276482268469464,3.2941867949638741,0.0,0.0,0.0,2.0,138.0,170.0,1.0
38.137561848958335,556.90413663354445,-0.23755973189118879,0.056162598736552383,3.644012577723776,0.0,0.0,0.0,43.0,63.0,93.0,1.0
36.252959224794836,1621.3373625611302,0.48689083866033078,-1.1622785782885523,2.8068721552425142,0.0,0.0,0.0,0.0,95.0,114.0,1.0
64.593369907678778,5050.227421055064,0.26752665319852914,-1.7793869338845687,3.0409432087837436,0.0,0.0,0.0,2.0,153.0,180.0,1.0
30.588374837239581,1159.7638923621012,2.5571804192430743,10.655079771838306,4.0088213058393247,0.0,0.0,0.0,24.0,66.0,188.0,1.0
42.876805209554504,2287.9781947830561,0.46268137195964765,-1.2974405908016866,2.918513853762966,0.0,0.0,0.0,0.0,111.0,145.0,1.0
89.865004029894493,3294.9417500769177,-0.63577081671822255,-1.0496715953771385,4.2128388101388907,0.0,0.0,0.0,112.0,149.0,179.0,1.0
75.543685888042205,2604.2746686973478,-0.51628256920828863,-1.111896492706804,3.9704748605444418,0.0,0.0,0.0,97.0,125.0,163.0,1.0
78.230841515240328,2547.9213037100822,-0.46753354213426113,-0.8736633354558716,4.2573273645428262,0.0,0.0,0.0,93.0,130.0,181.0,1.0
79.971549860785473,3217.7371915787344,-0.33952281835328085,-1.2344137527817025,4.2518965670099007,0.0,0.0,0.0,97.0,147.0,174.0,1.0
32.120347493489582,744.48193982065447,2.3399769821202705,11.733959839978569,3.536729541866376,0.0,0.0,0.0,33.0,53.0,162.0,1.0
49.817564844665881,3282.8842236421169,0.47881121043745217,-1.2416849038925466,2.7071774257938359,0.0,0.0,0.0,0.0,126.0,166.0,1.0
63.652461899179372,2535.6459413306115,-0.32402358377976359,-1.6484657982393143,3.4370572713082304,0.0,0.0,0.0,86.0,117.0,131.0,1.0
65.584067290683933,4469.3683933333259,0.097903435488268339,-1.8730349877786998,2.8612115610382527,0.0,0.0,0.0,2.0,144.0,170.0,1.0
78.257347230363422,2817.1950945747708,-0.2526649670604893,-0.90126220283313652,4.3281124622240608,0.0,0.0,0.0,90.0,143.0,188.0,1.0
94.978844885697555,5019.6899228450784,-0.38189324430174298,-1.5628132017986431,4.2267130184957651,0.0,0.0,0.0,126.0,170.0,197.0,1.0
34.573591354658021,1381.1625733307978,0.50302566135692994,-0.7274777475601355,2.8023467766806878,0.0,0.0,0.0,2.0,81.0,131.0,1.0
148.41816611842111,7939.4486321631957,-0.95660613651797077,-0.98924860178948615,4.1554021269479708,0.0,0.0,1.0,195.0,219.0,228.0,1.0
92.689551582649472,2324.0756250040799,-0.56411358106595733,0.45793740291869556,4.4191535663787374,0.0,0.0,1.0,101.0,137.0,214.0,1.0
68.346813151041658,2863.1404074872225,-0.2946735932169034,-1.5327497925299236,3.5151507246830613,0.0,0.0,0.0,87.0,128.0,144.0,1.0
47.650977249413828,1358.6790321450715,0.62596549292633386,0.87522584106244095,4.1880976944112565,0.0,0.0,0.0,50.0,90.0,167.0,1.0
42.896001245603756,2388.2894810058601,0.56161207651654599,-1.0274965753356597,2.8774150844519304,0.0,0.0,0.0,0.0,110.0,164.0,1.0
26.043913943434937,1078.9671302188544,1.5051589936200569,3.5136716545055755,2.9880956307775457,0.0,0.0,0.0,1.0,70.0,137.0,1.0
106.32486719665884,4832.4489244126835,-0.63205752853432629,-1.2205403465936757,4.3795731794163855,0.0,0.0,0.0,136.0,176.0,203.0,1.0
47.930042863423218,2890.4089486866151,0.54324048365467525,-0.93509540906218724,2.9178538211478209,0.0,0.0,0.0,0.0,117.0,177.0,1.0
51.074899088541663,1193.566953603098,-0.059245224263330114,-0.27344899753355412,3.9036954835028181,0.0,0.0,0.0,56.0,90.0,140.0,1.0
49.371466515240328,3496.8593822060157,0.56378804660282411,-1.1848808296782529,2.6882710941312893,0.0,0.0,0.0,0.0,128.0,182.0,1.0
58.663599093455183,3573.7207128572572,0.10266371196961552,-1.8452517002552831,2.7763348378989403,0.0,0.0,0.0,2.0,127.0,156.0,1.0
75.775793156506438,2205.147558811846,-0.55824300663308657,-0.60142046837499752,4.0168142478453195,0.0,0.0,0.0,90.0,119.0,175.0,1.0
93.878495933470106,4786.2407677920037,0.086682112010370224,-0.91281009194142237,4.7809459214728705,0.0,0.0,0.0,98.0,188.0,236.0,1.0
31.88023611518171,1216.2527790840502,0.47225311545581922,-0.90517757423957468,2.6706541952561289,0.0,0.0,0.0,0.0,76.0,112.0,1.0
41.347783558030486,2844.4219668048527,0.85364867669235212,-0.69899391215889795,2.8405650703485321,0.0,0.0,0.0,0.0,123.0,162.0,1.0
32.698642658264944,1561.4603835620783,0.94359285557231432,0.23320928655251771,2.9257497319640762,0.0,0.0,0.0,0.0,87.0,138.0,1.0
68.098265313599072,2072.6981564281427,-0.48438387058132021,-1.0906824334608765,3.9752562717050752,0.0,0.0,0.0,83.0,118.0,142.0,1.0
21.722316080729168,331.87130309931172,1.8888677262114184,9.5016357749282729,3.4460760994311812,0.0,0.0,0.0,22.0,39.0,93.0,1.0
91.079662771101994,3222.8169750254906,-0.69800635655332199,-0.95674294851748742,4.2512883403076058,0.0,0.0,0.0,112.0,148.0,186.0,1.0
49.513327044255576,1306.9184496612866,0.57397544587730476,1.8297381974008617,4.0328820485992347,0.0,0.0,0.0,53.0,89.0,166.0,1.0
40.490770625732715,2247.8595426029415,0.66611368917102176,-0.79538899661509976,2.8469536704347318,0.0,0.0,0.0,0.0,110.0,150.0,1.0
65.414770479191091,1878.5501344487125,-0.39925669168560146,-0.85508221234837212,4.0650833540221045,0.0,0.0,0.0,77.0,114.0,147.0,1.0
29.094596277842907,1132.416438047735,0.88061435593991622,0.64408106910186413,2.7770710842074759,0.0,0.0,0.0,0.0,75.0,119.0,1.0
57.81533755896227,3564.8235206555109,0.18317617012032494,-1.7215690771983172,3.0116143476936648,0.0,0.0,0.0,3.0,132.0,158.0,1.0
41.369384708382185,2629.8620501379755,1.0440348550890377,0.45552878253188833,3.0840560795704888,0.0,0.0,0.0,0.0,114.0,201.0,1.0
58.26928762456037,1583.0342186784824,-0.48162720570750372,-1.2434215412462302,3.8033676848739155,0.0,0.0,0.0,70.0,103.0,114.0,1.0
52.953366793669403,3408.739818676424,0.42265357913666002,-1.2799252934152163,3.0486971832150491,0.0,0.0,0.0,1.0,129.0,187.0,1.0
50.048934994103774,2708.9985892991349,0.2399780756446879,-1.5406519311633242,2.876830377205466,0.0,0.0,0.0,2.0,113.0,155.0,1.0
33.727442665592029,1559.1471359681004,0.81963633276317627,-0.038738559873987555,2.924557193080461,0.0,0.0,0.0,0.0,88.0,131.0,1.0
75.527798029015244,2075.358265223862,-0.55921536759085611,-0.57254223320423225,4.1521200554557325,0.0,0.0,0.0,87.0,125.0,159.0,1.0
92.251114632180531,3485.3634553995935,-0.64384914648413338,-1.1173842410225345,4.363195194339891,0.0,0.0,0.0,116.0,150.0,187.0,1.0
32.355453124999997,1056.2805289950454,0.28975879556098461,-1.3998278351486138,3.1438172799422355,1.0,0.0,1.0,26.0,71.0,106.0,1.0
38.46543083235639,796.35818729972925,0.16471374270947395,-0.73555914018292201,3.9719478297078301,0.0,0.0,0.0,37.0,76.0,99.0,1.0
26.607269694010416,538.66632198878847,0.37857952734843081,-0.72967215090341098,3.4047757322728471,0.0,0.0,0.0,26.0,57.0,81.0,1.0
58.700272623697913,1560.1053514881764,-0.31690578945510417,-1.158718575111723,4.0701104613287979,0.0,0.0,0.0,66.0,105.0,125.0,1.0
112.35666489595545,4902.325740217937,-0.70703226968446509,-1.0061867068109027,4.4147776899847564,0.0,0.0,0.0,137.0,183.0,212.0,1.0
26.787996409730361,888.01020358380902,0.45505702932699649,-1.2392000799767779,2.6149534514351118,0.0,0.0,0.0,0.0,67.0,92.0,1.0
51.722661946614586,1791.8533383241966,-0.029230857953056914,-1.1691777747617611,3.542177881057337,0.0,0.0,0.0,61.0,102.0,124.0,1.0
58.030131704279015,1534.3438010121085,-0.53351606306893173,-1.1988499746964771,3.8164224713099495,0.0,0.0,0.0,75.0,95.0,126.0,1.0
70.483103841145834,1647.4479615901289,-0.68349276495511291,-0.25915544658553369,3.8210839231081133,0.0,0.0,0.0,83.0,106.0,158.0,1.0
138.30767328546304,7888.1158808188156,-0.80783244567978441,-1.205268665906164,4.1197741289618026,0.0,0.0,0.0,185.0,215.0,237.0,1.0
35.166739632180537,1563.7378329697965,0.70217138286745628,-0.30710799308899084,2.9022113288556919,0.0,0.0,0.0,0.0,85.0,141.0,1.0
67.345288742690059,1715.2465176432358,-0.60756838610392894,-0.61322101704456511,3.8574115953455621,0.0,0.0,0.0,80.0,108.0,145.0,1.0
64.508829132473622,4352.8312892797139,0.39632967402657737,-1.2405140770929803,3.5399409380504983,0.0,0.0,0.0,63.0,158.0,207.0,1.0
118.71553982268465,4594.8900167935135,-1.0036862028382161,-0.64761684243364837,4.1422057825220042,0.0,0.0,0.0,148.0,175.0,209.0,1.0
103.20584884232122,4956.439848924103,-0.46902475832089729,-1.2718915434996581,4.5174594647935962,0.0,0.0,0.0,127.0,182.0,210.0,1.0
44.696256510416674,1907.9754026529522,1.0008234378942176,1.4392752660323938,3.7681973608709649,0.0,0.0,0.0,43.0,100.0,195.0,1.0
54.82191830041274,3634.4454749610436,0.49292951321617073,-1.2416645321448365,3.2145493380618482,0.0,0.0,0.0,3.0,144.0,182.0,1.0
59.866540757665092,3898.8499307444317,0.25594494127040873,-1.543262506374937,3.0385233851928941,0.0,0.0,0.0,3.0,137.0,186.0,1.0
63.828470588235298,3937.3928901608992,0.024544435909578804,-1.9470429140605037,2.8247330576402243,1.0,0.0,1.0,113.0,131.0,152.0,1.0
38.43873697916667,1076.8760531573826,0.36707356127215512,-0.082066338888919343,3.5920572427439335,0.0,0.0,0.0,43.0,78.0,111.0,1.0
37.563626538686989,1827.6235179736568,0.61755036481704983,-0.50857728884926523,2.6310084725758061,0.0,0.0,0.0,0.0,92.0,156.0,1.0
77.919038503810071,2843.5191587106369,-0.11528857556076717,-0.59900612213252469,4.3341290967810071,0.0,0.0,0.0,87.0,143.0,202.0,1.0
67.112660279894499,5543.7881108925776,0.30038698183457407,-1.7387629870085008,3.0583407872947204,0.0,0.0,0.0,1.0,166.0,191.0,1.0
54.602371226553345,1385.9437405305675,0.11328132652694281,0.48037991710128614,3.9744251854639234,0.0,0.0,0.0,60.0,93.0,148.0,1.0
45.415324707031253,1246.0013278161146,-0.0013052952928822757,-0.54047972375745124,3.3339191467946354,0.0,0.0,0.0,58.0,78.0,136.0,1.0
41.955086825908559,2047.4556963912014,0.31012459246171664,-1.5727923530992407,2.7783261118867619,0.0,0.0,0.0,0.0,103.0,122.0,1.0
51.041740548065654,1053.2267325947596,-0.70063817678151796,-1.1428762490632245,3.7363342114150973,0.0,0.0,0.0,66.0,82.0,92.0,1.0
35.93107598182884,1526.5256513701063,0.3388260676650201,-1.4349492933383541,2.5352849305916916,0.0,0.0,0.0,0.0,82.0,123.0,1.0
31.745317995310671,1513.7001978912588,1.0072080243923576,0.4739908861732065,3.1250952999318891,0.0,0.0,0.0,1.0,86.0,141.0,1.0
24.155331962397177,929.88342559485375,0.81648504674733746,-0.80164406152084311,2.6848436085636962,0.0,0.0,0.0,0.0,69.0,97.0,1.0
26.677251245603752,1017.3787703019109,0.88663034603022906,0.02906428397776617,2.7961438719081579,0.0,0.0,0.0,0.0,73.0,105.0,1.0
61.426014811197916,3319.1965818559006,1.0152020972473623,1.4428664583635511,3.8157452602311044,0.0,0.0,0.0,66.0,124.0,253.0,1.0
115.89574754542791,5449.0666528574275,-0.84103319640412288,-1.1556498561944912,3.7685442418860533,0.0,0.0,0.0,154.0,178.0,199.0,1.0
55.914259415298936,3899.8321625834956,0.35025625988641068,-1.6595412298179459,3.1701995120667035,0.0,0.0,0.0,2.0,144.0,163.0,1.0
31.884448443008225,1316.9336550350915,0.47267089302237952,-1.1493922600227591,2.4643109659385636,0.0,0.0,0.0,0.0,77.0,114.0,1.0
125.14804000586166,6454.0890949274726,-0.74603803209804875,-1.1931989817863105,4.2761676534052384,0.0,0.0,0.0,169.0,197.0,229.0,1.0
30.65674457796014,1373.1591998213362,0.95279209923380104,0.18189254698536317,2.8857599195710564,0.0,0.0,0.0,0.0,80.0,142.0,1.0
54.907382812500003,2128.2398253768924,0.035694410670749833,-1.165814211723541,3.5868568755167045,0.0,0.0,0.0,65.0,110.0,148.0,1.0
61.291904491500588,1662.9577000694244,-0.37746782483483082,-0.75662324964654104,3.8451034493135432,0.0,0.0,0.0,73.0,101.0,152.0,1.0
69.097671783625728,2874.1134280589404,1.1563909543095126,2.2062833473889603,4.5307466794291411,0.0,0.0,0.0,71.0,122.0,253.0,1.0
51.329340175412739,2973.4341988533988,0.30904321720185529,-1.4960877378738029,2.9293067765890184,0.0,0.0,0.0,1.0,123.0,165.0,1.0
41.351603714830013,1107.3701550519263,1.0857188478978728,3.3476573078696052,3.8594107731345102,0.0,0.0,0.0,45.0,74.0,164.0,1.0
47.107694627192984,1047.6935635997299,0.19003893166560676,0.017041137858724298,4.0930806498440804,0.0,0.0,0.0,50.0,87.0,132.0,1.0
88.521769673212191,4051.5951902812112,0.35186040494838849,-0.095313280199885497,4.8189716172637826,0.0,0.0,1.0,94.0,168.0,254.0,1.0
48.517658691406247,2138.0229726758262,1.0263321842293713,0.59270155866895946,4.3135211521279606,0.0,0.0,0.0,37.0,117.0,185.0,1.0
67.813965416178192,5627.7960806119345,0.29831892978268293,-1.7316538773728989,3.1606686425012711,0.0,0.0,0.0,2.0,165.0,197.0,1.0
96.728719409437275,4262.6422635601175,-0.40925289772143181,-1.2072971284315934,4.4379597760785261,0.0,0.0,0.0,109.0,170.0,203.0,1.0
48.06719391119578,3121.5366860700333,0.36142941792066302,-1.7578563245077208,2.4883998147612623,0.0,0.0,0.0,0.0,122.0,136.0,1.0
72.168292973329429,6494.531679856429,0.39302103477318434,-1.5471538014709032,3.0775176549978029,0.0,0.0,0.0,0.0,184.0,225.0,1.0
61.232417805989577,2572.7710364881987,-0.020033104377626544,-1.3831354328359799,3.6700331136622264,0.0,0.0,0.0,71.0,125.0,149.0,1.0
77.660336679366935,2752.3383912846543,-0.48030381881591,-1.1266486694177826,4.0029003623193748,0.0,0.0,0.0,94.0,137.0,168.0,1.0
112.67572263335288,4553.3901008204884,-0.43280320171867337,-0.99920272725250969,5.0836784594050801,0.0,0.0,3.0,134.0,185.0,240.0,1.0
56.057612390350883,1320.4480742700805,-0.25671934888857662,-0.64453172059551678,4.0644927359961622,0.0,0.0,0.0,63.0,97.0,134.0,1.0
54.967187499999994,1928.0786726888023,-0.11835361996836956,-1.3973856722287912,3.6357502771568377,0.0,0.0,0.0,65.0,107.0,134.0,1.0
51.018575065943722,1138.9792334765968,-0.30578070691649067,-0.71778092732241738,4.0006486005236912,0.0,0.0,0.0,62.0,83.0,130.0,1.0
114.63732506594374,7140.0903904341194,-0.076162959408680064,-1.3260494515376466,4.9353918996993063,0.0,0.0,0.0,124.0,230.0,252.0,1.0
57.839174237983585,4226.5815775566871,0.37671028608793239,-1.6078809954019144,3.2137504541650674,0.0,0.0,0.0,2.0,146.0,176.0,1.0
56.317711711379729,3408.2509967316005,0.18439162461348224,-1.7511451373266036,2.9617378878742571,0.0,0.0,0.0,3.0,129.0,157.0,1.0
43.204671014067998,2275.3496982871375,0.35526524862877884,-1.5393464020459156,2.7604814908742181,0.0,0.0,0.0,0.0,107.0,131.0,1.0
52.923540852864591,1944.5892899037672,-0.0011999725317596087,-1.161818908002783,3.5208418224385802,0.0,0.0,0.0,63.0,104.0,130.0,1.0
101.00653758792497,3398.6540787429453,-1.0129243295246588,-0.71339037433565888,3.9756055872349307,0.0,0.0,0.0,127.0,149.0,170.0,1.0
84.591501502051585,3632.3485314170912,-0.152222234324142,-1.301836159115968,4.599041004142987,0.0,0.0,0.0,89.0,159.0,186.0,1.0
63.073348659144202,2571.0428312505792,0.20343245050843561,-0.69137380603278986,4.3701096361198433,0.0,0.0,0.0,76.0,123.0,181.0,1.0
40.226536794947123,2033.1125801698415,0.31477474834493852,-1.6713100745713938,2.4074296653016316,0.0,0.0,0.0,0.0,95.0,118.0,1.0
33.301644013774911,1393.7232629771718,0.41739909513888079,-1.4419323817895326,2.9175363951498547,0.0,0.0,0.0,2.0,82.0,112.0,1.0
31.601022273936174,1886.257962718254,1.0282743048804657,-0.3060354495325921,2.827982621843435,0.0,0.0,0.0,0.0,104.0,139.0,1.0
59.864993955158262,4325.3096336770577,0.39945695145737842,-1.396631936771046,3.1885441536750818,0.0,0.0,0.0,1.0,149.0,202.0,1.0
71.144290372215707,2306.9401507603498,-0.22745484209094396,-0.74763333357364736,4.3041347234578176,0.0,0.0,0.0,83.0,127.0,174.0,1.0
51.625592577667057,3056.134950053673,0.23027935217429957,-1.7560422450594053,2.7039537976508434,0.0,0.0,0.0,0.0,122.0,145.0,1.0
51.839916104923802,3488.7200117016368,0.55286218082354266,-1.1554711165101308,3.0439949429568358,0.0,0.0,0.0,0.0,136.0,180.0,1.0
58.680757253810071,1529.7446659857694,0.049519913932096704,0.42688312027830033,4.0978639116281474,0.0,0.0,0.0,67.0,98.0,175.0,1.0
72.618030114302456,2684.2874134114613,0.031611055903865322,-0.62542695304601548,4.4274223541241629,0.0,0.0,0.0,79.0,137.0,197.0,1.0
64.76579952485379,1587.9062840921197,-0.59845161037245787,-0.70287616809115105,3.9419379304669371,0.0,0.0,0.0,76.0,106.0,133.0,1.0
73.702303545321641,2127.9755498837376,-0.55246754087274419,-0.84869500040031376,4.1176655315610704,0.0,0.0,0.0,86.0,125.0,152.0,1.0
76.881881960726844,2254.2107605408733,-0.38779139462744155,-0.51071251209896751,4.1995014659639951,0.0,0.0,0.0,86.0,132.0,177.0,1.0
60.227640787760414,1173.4083595220084,-0.69970899356960237,0.16098564615794952,3.5955001963920985,0.0,0.0,0.0,71.0,89.0,129.0,1.0
97.2499606169402,3819.8721996797208,-0.6489599120290489,-1.0635243868733562,4.299982221462173,0.0,0.0,0.0,118.0,162.0,189.0,1.0
73.843465742370881,2301.6074365801787,-0.35037378508093298,-0.67670927694379568,4.3465120425035124,0.0,0.0,0.0,93.0,118.0,185.0,1.0
30.057407678780777,1149.6426195108204,0.60357433614517375,-0.77464208172711979,2.7928754901682629,0.0,0.0,0.0,0.0,77.0,107.0,1.0
48.326116536458329,1487.4609803614192,0.2653404214972418,0.34502359505432389,3.3746332174538094,0.0,0.0,0.0,62.0,81.0,158.0,1.0
54.108747604658021,3156.2811970643188,0.24161205838415606,-1.5095201717708953,2.9035403682171794,0.0,0.0,0.0,3.0,121.0,175.0,1.0
38.965092870750297,2017.1697671678844,0.77822421248360485,-0.038714516899381213,2.833515582554365,0.0,0.0,0.0,0.0,98.0,155.0,1.0
51.61477096845519,2991.838688621262,0.40599807446314623,-0.99130268382444164,2.959026161379037,0.0,0.0,0.0,2.0,118.0,189.0,1.0
119.35706147420866,6079.7914201311851,-0.725124759657642,-1.218100104937289,4.1031385657548389,0.0,0.0,0.0,154.0,193.0,220.0,1.0
95.357980106975376,4231.4015624719086,-0.33233392153181873,-1.0362205058590404,4.4004627078225127,0.0,0.0,0.0,112.0,168.0,226.0,1.0
98.20225765679956,4647.1351295380973,-0.16825342556930697,-0.93837664567321966,4.5177469468038289,0.0,0.0,0.0,111.0,186.0,229.0,1.0
114.08320907825322,5158.0768348586171,-0.81185977432200063,-1.1139343441811838,4.0780351672048711,0.0,0.0,0.0,148.0,177.0,195.0,1.0
45.34458437133646,2683.1660973012413,0.67191980956218467,-0.54508269707029422,2.924278411377681,0.0,0.0,0.0,0.0,114.0,183.0,1.0
52.654569350820637,1510.5394289488465,0.0077469404072048331,-0.52461676914601441,4.0055957346581144,0.0,0.0,0.0,63.0,93.0,156.0,1.0
83.704037221570928,2703.1709823819674,-0.27309057277600979,-0.90561865347333237,4.8313477982704018,0.0,0.0,1.0,93.0,142.0,188.0,1.0
92.282349062133633,4523.3510857187184,-0.44721338935662558,-1.5039268872046248,4.0950965362090965,0.0,0.0,0.0,119.0,164.0,182.0,1.0
55.248227762309497,3968.6088832344667,0.54146392141608002,-1.2080545938173104,3.0795604776938319,0.0,0.0,0.0,0.0,142.0,197.0,1.0
53.250920464536932,4040.8486056335487,0.66547406918688157,-0.94677515902988896,2.9054107578736472,0.0,0.0,0.0,0.0,147.0,197.0,1.0
104.24901359173505,4264.587683577849,-0.81229821153775639,-1.0514519722349944,4.0114569299993441,0.0,0.0,0.0,133.0,164.0,186.0,1.0
60.101253255208327,2499.3628320882053,-0.12347102645299469,-1.5488663660713651,3.5060035953085489,0.0,0.0,0.0,72.0,119.0,136.0,1.0
138.87054238716294,6032.9611999512745,-1.1097443531861764,-0.56393405776032468,3.9521594160533153,0.0,0.0,0.0,174.0,207.0,219.0,1.0
95.825039383059789,4773.868206374842,-0.10742416810228994,-1.398020422997436,4.7555191718012777,0.0,0.0,0.0,100.0,179.0,214.0,1.0
67.214739339097292,5423.1717605141912,0.34261081579949582,-1.5935507649886191,3.0932751440052542,0.0,0.0,0.0,0.0,167.0,205.0,1.0
68.840137749120757,2030.7499569564061,-0.22974501093410968,-0.39785506085117106,4.1593472792870481,0.0,0.0,0.0,79.0,116.0,182.0,1.0
42.520699919402112,1419.2651049248254,0.8565281585584299,0.85266190392517993,4.3680312202459977,0.0,0.0,0.0,39.0,86.0,165.0,1.0
60.319387207031255,2542.8858718575575,-0.034602073044586242,-1.4040930636336837,3.6161679219847853,0.0,0.0,0.0,71.0,120.0,152.0,1.0
158.52759502923976,9875.1673927541269,-0.78117245082090825,-1.2337128720276951,4.3394545780724805,255.0,2.0,4.0,209.0,253.0,255.0,1.0
